id,project_id,phase_id,description,materials,labor,vendor,estimated_cost,actual_cost,current_paid,due,sort_order,is_custom,created_at,updated_at
9799d6a1-60ca-45e4-83bf-5097d1e7a52b,faa2ce97-f51f-4379-a198-94f71aacc514,drywall,"Prep for Plaster, Drywall",100,300,"Vendor-Prep for Plaster, Drywall",400,550,150,400,81,FALSE,2025-10-12 02:33:56.828897+00,2025-10-12 02:33:56.828897+00
d868cebd-d64b-45a8-8ecc-be910fbe90fe,faa2ce97-f51f-4379-a198-94f71aacc514,rough-framing,Nails,3154.87,2548.74,GUTT43J,5703.61,3154.87,2548.74,606.13,81,FALSE,2025-10-12 01:53:00.475278+00,2025-10-12 01:53:00.475278+00
c711e329-2895-4a97-8c3b-dd882b08b23d,faa2ce97-f51f-4379-a198-94f71aacc514,roofing,"Flashing: Chimney, Vent Pipes, Sidewalls, Other Penetrations",100,300,"Vendor-Flashing: Chimney, Vent Pipes, Sidewalls, Other Penetrations",400,550,150,400,84,FALSE,2025-10-12 02:33:57.755123+00,2025-10-12 02:33:57.755123+00
1049195d-0e8c-4e21-b26c-b85c419f412f,8a1449f9-6f73-40ea-9df0-47d7529f83a1,pre-construction,Survey,500,300,ABC Surveying,800,850,850,0,1,FALSE,2025-10-30 00:44:05.906361+00,2025-10-30 00:44:05.906361+00
6d35d5a2-ec29-4f67-8387-7665f5499409,faa2ce97-f51f-4379-a198-94f71aacc514,pre-construction,All Inclusive,100,100,Vendor,200,300,150,150,1,FALSE,2025-10-07 01:31:42.995477+00,2025-10-07 01:31:42.995477+00
2f1f8d39-24b1-4974-8a99-4f1fbeaa600d,faa2ce97-f51f-4379-a198-94f71aacc514,utilities-septic,Well,4125.69,1987.45,WATER77F,6113.14,4125.69,1987.45,2138.24,29,FALSE,2025-10-12 01:52:59.705707+00,2025-10-12 01:52:59.705707+00
00244b0a-49f3-48ca-9867-11a8bbaaad1f,faa2ce97-f51f-4379-a198-94f71aacc514,pre-construction,Plans and Specifications,100,100,PlansSpecVendor,200,250,250,0,2,FALSE,2025-10-11 13:26:55.016203+00,2025-10-11 13:26:55.016203+00
2bc8f667-3207-4aa6-8cfc-a59df4226576,faa2ce97-f51f-4379-a198-94f71aacc514,utilities-septic,"Electrical: Permit, Connection Fee, Installation",100,300,"Vendor-Electrical: Permit, Connection Fee, Installation",400,550,150,400,32,FALSE,2025-10-12 02:33:45.435238+00,2025-10-12 02:33:45.435238+00
2cb0ae9c-68bb-41aa-a89c-d5d6d816dc68,faa2ce97-f51f-4379-a198-94f71aacc514,utilities-septic,Electrical: Permit,4125.69,1987.45,TELECOM43L,6113.14,4125.69,1987.45,2138.24,33,FALSE,2025-10-12 01:53:00.001162+00,2025-10-12 01:53:00.001162+00
57127ca1-77ec-44df-b91e-c158660e902a,faa2ce97-f51f-4379-a198-94f71aacc514,pre-construction,Plan Review,100,150,TestPlan,250,300,300,0,3,FALSE,2025-10-10 01:07:53.145949+00,2025-10-10 01:07:53.145949+00
9a154e00-0651-4479-bde8-a9e3b0c9b5be,faa2ce97-f51f-4379-a198-94f71aacc514,utilities-septic,Gas: Permit,3154.87,2548.74,BLAST65N,5703.61,3154.87,2548.74,606.13,34,FALSE,2025-10-12 01:53:00.144686+00,2025-10-12 01:53:00.144686+00
328bcb80-2f6a-4e0f-8c7c-d456d7437541,8a1449f9-6f73-40ea-9df0-47d7529f83a1,pre-construction,Plans and Specifications,3000,2500,Smith Architects,5500,5500,2750,0,2,FALSE,2025-10-30 00:44:05.906361+00,2025-10-30 00:44:05.906361+00
3f406551-9cf1-4dcf-a815-3e9c33ea6e68,faa2ce97-f51f-4379-a198-94f71aacc514,kitchen-bath,"Faucets, Mixing Valves, Shower Heads",100,300,"Vendor-Faucets, Mixing Valves, Shower Heads",400,550,150,400,96,FALSE,2025-10-12 02:34:00.369376+00,2025-10-12 02:34:00.369376+00
e2f94c83-ee04-4f88-9e4d-0ed488b91205,faa2ce97-f51f-4379-a198-94f71aacc514,site-prep-excavation,Curtain Drains,3154.87,2548.74,DRAIN87Z,5703.61,3154.87,2548.74,606.13,47,FALSE,2025-10-12 01:53:41.395555+00,2025-10-12 01:53:41.395555+00
f5abf45c-576d-4e95-bec9-5a02e6ddccca,faa2ce97-f51f-4379-a198-94f71aacc514,pre-construction,"Permits: Zoning, Building, Environmental, Other",100,300,Ve,400,550,150,400,3,FALSE,2025-10-07 01:53:15.385593+00,2025-10-07 01:53:15.385593+00
ee02089c-f342-45c1-8be5-632f0a607dd6,faa2ce97-f51f-4379-a198-94f71aacc514,site-prep-excavation,"Plantings, Landscaping",100,300,"Vendor-Plantings, Landscaping",400,550,150,400,54,FALSE,2025-10-12 02:33:50.867192+00,2025-10-12 02:33:50.867192+00
58e09fac-5e7f-4284-b5c9-8bf8985bac0d,faa2ce97-f51f-4379-a198-94f71aacc514,concrete-slabs,Slabs: Foundation,3154.87,2548.74,SUMPP09L,5703.61,3154.87,2548.74,606.13,59,FALSE,2025-10-12 01:53:00.29708+00,2025-10-12 01:53:00.29708+00
8a822ccd-88d3-437c-8b99-9394c439403e,faa2ce97-f51f-4379-a198-94f71aacc514,under-slab-services,Sub-Slab Vapor Barrier,4125.69,1987.45,DAMP43P,6113.14,4125.69,1987.45,2138.24,63,FALSE,2025-10-09 22:55:34.616319+00,2025-10-09 22:55:34.616319+00
71babde0-f371-4582-964e-95672c74421b,faa2ce97-f51f-4379-a198-94f71aacc514,foundation,"Dampproofing, Waterproofing",100,300,"Vendor-Dampproofing, Waterproofing",400,550,150,400,67,FALSE,2025-10-12 02:33:53.925236+00,2025-10-12 02:33:53.925236+00
3dc30c3c-b86c-409a-83ec-25b865720afc,faa2ce97-f51f-4379-a198-94f71aacc514,rough-framing,"Steel/Wood Carrying Beam, Lolly columns",100,300,"Vendor-Steel/Wood Carrying Beam, Lolly columns",400,550,150,400,73,FALSE,2025-10-12 02:33:55.334579+00,2025-10-12 02:33:55.334579+00
f3479d97-31c7-45c4-bcdc-6dc9a64596b4,faa2ce97-f51f-4379-a198-94f71aacc514,rough-framing,"Exterior & Interior Walls, Rough Stairs",100,300,"Vendor-Exterior & Interior Walls, Rough Stairs",400,550,150,400,75,FALSE,2025-10-12 02:33:55.664875+00,2025-10-12 02:33:55.664875+00
67aebc67-8d9c-4adc-9982-6a64ff29b1d5,faa2ce97-f51f-4379-a198-94f71aacc514,kitchen-bath,Faucets,4125.69,1987.45,ALARM10Z,6113.14,4125.69,1987.45,2138.24,97,FALSE,2025-10-12 01:53:00.863912+00,2025-10-12 01:53:00.863912+00
d57f9c9c-982a-4e99-b57e-4d36f318d6f3,faa2ce97-f51f-4379-a198-94f71aacc514,electrical-rough,"Devices: outlets, switches, dimmers",100,300,"Vendor-Devices: outlets, switches, dimmers",400,550,150,400,102,FALSE,2025-10-12 02:34:02.231669+00,2025-10-12 02:34:02.231669+00
c9016d04-095f-4ec3-9207-fdfabcdcea57,faa2ce97-f51f-4379-a198-94f71aacc514,pre-construction,Survey,1478.9,8745.21,surv,10224.11,2874.52,1215.89,1658.63,5,FALSE,2025-10-10 01:34:49.990514+00,2025-10-10 01:34:49.990514+00
78d6a940-8ee3-4fe2-b51b-f946f5bca6fb,faa2ce97-f51f-4379-a198-94f71aacc514,pre-construction,Financing Costs,2145.87,3154.87,TE,5300.74,2548.74,1987.45,561.29,8,FALSE,2025-10-10 01:19:42.493088+00,2025-10-10 01:19:42.493088+00
91c39294-756a-48e2-a29f-926fb203c82c,faa2ce97-f51f-4379-a198-94f71aacc514,site-prep-excavation,Temporary Power,3154.87,2548.74,POWER67V,5703.61,3154.87,2548.74,606.13,21,FALSE,2025-10-12 01:53:35.954112+00,2025-10-12 01:53:35.954112+00
8a65dd78-a234-4257-8562-d9b299e96c6a,faa2ce97-f51f-4379-a198-94f71aacc514,utilities-septic,Septic Permits,1,254.87,WELL55D,2,345.89,3,342.89,27,FALSE,2025-10-12 01:52:59.235639+00,2025-10-12 01:52:59.235639+00
2b3dc93d-caf6-4adc-b426-afdf7d3aeeeb,faa2ce97-f51f-4379-a198-94f71aacc514,kitchen-bath,"Countertops, Backsplash",100,300,"Vendor-Countertops, Backsplash",400,550,150,400,110,FALSE,2025-10-12 02:34:05.27424+00,2025-10-12 02:34:05.27424+00
1ec7da40-9fb5-4870-9614-ed709f9033ce,faa2ce97-f51f-4379-a198-94f71aacc514,kitchen-bath,"Range, Cooktop",100,300,"Vendor-Range, Cooktop",400,550,150,400,112,FALSE,2025-10-12 02:34:05.678607+00,2025-10-12 02:34:05.678607+00
f2fa2cd5-5424-47c6-a53b-1cfbc7c7d003,faa2ce97-f51f-4379-a198-94f71aacc514,pre-construction,Post frame installation labor,1,987.45,Test,1,500,1,499,159,FALSE,2025-10-10 01:56:19.092695+00,2025-10-10 01:56:19.092695+00
85f9f154-15e6-436d-b956-fe0a0a9ba3ee,8a1449f9-6f73-40ea-9df0-47d7529f83a1,pre-construction,Plan Review,200,100,,300,300,300,0,3,FALSE,2025-10-30 00:44:05.906361+00,2025-10-30 00:44:05.906361+00
02878c6a-3c6f-4a4f-9870-3445593d7be7,8a1449f9-6f73-40ea-9df0-47d7529f83a1,pre-construction,Engineering Fees,1500,1000,Jones Engineering,2500,2600,2600,0,4,FALSE,2025-10-30 00:44:05.906361+00,2025-10-30 00:44:05.906361+00
5ce35942-0d58-41de-afda-de2d3ffd3ee4,8a1449f9-6f73-40ea-9df0-47d7529f83a1,pre-construction,"Permits: Zoning, Building, Environmental, Other",1200,0,County Building Dept,1200,1200,1200,0,5,FALSE,2025-10-30 00:44:05.906361+00,2025-10-30 00:44:05.906361+00
44671444-09a0-42bb-a17b-80276f5aef63,8a1449f9-6f73-40ea-9df0-47d7529f83a1,pre-construction,Impact Fee,500,0,,500,500,500,0,6,FALSE,2025-10-30 00:44:05.906361+00,2025-10-30 00:44:05.906361+00
536617f3-e93c-4e74-8fd4-38d5991d5c9d,8a1449f9-6f73-40ea-9df0-47d7529f83a1,foundation,Erosion control,200,300,Site Services,500,500,0,0,138,FALSE,2025-10-30 00:47:00.954316+00,2025-10-30 00:47:00.954316+00
a28fc2d1-da71-466c-a441-7b4573dedf19,8a1449f9-6f73-40ea-9df0-47d7529f83a1,pre-construction,Legal Fees,800,0,Brown Law,800,800,800,0,7,FALSE,2025-10-30 00:44:05.906361+00,2025-10-30 00:44:05.906361+00
9459f1d5-28d2-47da-8356-407e70abb37c,8a1449f9-6f73-40ea-9df0-47d7529f83a1,pre-construction,Administrative Costs,300,0,,300,300,300,0,8,FALSE,2025-10-30 00:44:05.906361+00,2025-10-30 00:44:05.906361+00
42564feb-5c6e-4d92-9fd2-d2eed7355da6,8a1449f9-6f73-40ea-9df0-47d7529f83a1,pre-construction,Financing Costs,2000,0,First Bank,2000,2100,2100,0,9,FALSE,2025-10-30 00:44:05.906361+00,2025-10-30 00:44:05.906361+00
88c830f6-b138-4709-94d6-acc5d1829c90,8a1449f9-6f73-40ea-9df0-47d7529f83a1,pre-construction,Insurance,1500,0,State Farm,1500,2000,2000,0,10,FALSE,2025-10-30 00:44:05.906361+00,2025-10-30 00:44:05.906361+00
f0c3e94e-783e-4909-88bc-eb3aa51e6f1e,8a1449f9-6f73-40ea-9df0-47d7529f83a1,foundation,Exterior Foundation Insulation,900,600,Insulation Co,1500,1500,1500,0,68,FALSE,2025-10-30 00:47:00.954316+00,2025-10-30 00:47:00.954316+00
fb90f143-e6bb-42bd-845c-a53bb0c2de89,8a1449f9-6f73-40ea-9df0-47d7529f83a1,site-prep-excavation,Blasting,0,0,,0,0,0,0,21,FALSE,2025-10-30 00:45:35.625426+00,2025-10-30 00:45:35.625426+00
c465c7ab-0ad7-4516-8d8b-413337de55c5,8a1449f9-6f73-40ea-9df0-47d7529f83a1,site-prep-excavation,Ponds,0,0,,0,0,0,0,32,FALSE,2025-10-30 00:45:35.625426+00,2025-10-30 00:45:35.625426+00
632351e6-ce3d-4cc2-90ba-0c8bac29c6a8,8a1449f9-6f73-40ea-9df0-47d7529f83a1,site-prep-excavation,Other Site Drainage,0,0,,0,0,0,0,33,FALSE,2025-10-30 00:45:35.625426+00,2025-10-30 00:45:35.625426+00
37988a9e-56c3-455c-b320-6781d15e9d89,faa2ce97-f51f-4379-a198-94f71aacc514,site-prep-excavation,Scaffolding Rental,1,254.87,SCAF77X,2,345.89,3,342.89,23,FALSE,2025-10-12 01:53:36.40712+00,2025-10-12 01:53:36.40712+00
2709a0dc-3c37-4899-9ab3-6576e5cd8e74,faa2ce97-f51f-4379-a198-94f71aacc514,electrical-rough,Phone,2,345.89,KITCH65E,4,125.69,6,119.69,101,FALSE,2025-10-12 01:53:01.160561+00,2025-10-12 01:53:01.160561+00
aabba0e0-4f8f-473a-a391-234a4c52297e,faa2ce97-f51f-4379-a198-94f71aacc514,hvac-rough,Ductwork,1,987.45,SIDE33M,3,154.87,5,149.87,107,FALSE,2025-10-12 01:53:01.730581+00,2025-10-12 01:53:01.730581+00
743edc6d-4ddb-4d00-9ed0-24c91096c679,faa2ce97-f51f-4379-a198-94f71aacc514,exterior,"Exterior Paint, Stain, Caulk",100,300,"Vendor-Exterior Paint, Stain, Caulk",400,550,150,400,123,FALSE,2025-10-12 02:34:08.228877+00,2025-10-12 02:34:08.228877+00
6474059e-ec99-46c6-910b-096a9335dadf,faa2ce97-f51f-4379-a198-94f71aacc514,exterior,Exterior Paint,3154.87,2548.74,WALLIN22F,5703.61,3154.87,2548.74,606.13,124,FALSE,2025-10-12 01:53:02.33788+00,2025-10-12 01:53:02.33788+00
c55aa5dc-7462-4c37-8cbd-5bab66f52f57,faa2ce97-f51f-4379-a198-94f71aacc514,hvac-rough,"Low-voltage/security rough-in (cameras, alarm, data rack)",100,300,"Vendor-Low-voltage/security rough-in (cameras, alarm, data rack)",400,550,150,400,149,FALSE,2025-10-12 02:34:12.567084+00,2025-10-12 02:34:12.567084+00
c302912a-c752-42e4-b871-4c3b28f12f27,8a1449f9-6f73-40ea-9df0-47d7529f83a1,rough-framing,"Exterior & Interior Walls, Rough Stairs",8000,10000,Framing Crew,18000,0,0,0,73,FALSE,2025-10-30 00:48:00.433861+00,2025-10-30 00:48:00.433861+00
43d208b4-8d0b-4a43-91e7-bd806a96ffb9,8a1449f9-6f73-40ea-9df0-47d7529f83a1,rough-framing,Sheathing and/or Subflooring,4000,3000,Framing Crew,7000,0,0,0,74,FALSE,2025-10-30 00:48:00.433861+00,2025-10-30 00:48:00.433861+00
af35c794-1c3d-4431-9aab-46729427adda,8a1449f9-6f73-40ea-9df0-47d7529f83a1,rough-framing,Roof Framing/Trusses,5000,4000,Truss Company,9000,0,0,0,75,FALSE,2025-10-30 00:48:00.433861+00,2025-10-30 00:48:00.433861+00
5da9943a-a70f-44b4-b89d-98ca53a3eec9,8a1449f9-6f73-40ea-9df0-47d7529f83a1,rough-framing,Subfascia,300,400,Framing Crew,700,0,0,0,76,FALSE,2025-10-30 00:48:00.433861+00,2025-10-30 00:48:00.433861+00
56ee19c1-18da-4829-8dd5-550285a37dd7,8a1449f9-6f73-40ea-9df0-47d7529f83a1,rough-framing,Steel Framing Connectors,400,200,Hardware Supply,600,0,0,0,77,FALSE,2025-10-30 00:48:00.433861+00,2025-10-30 00:48:00.433861+00
4ce3d85a-e1c3-4bf7-98a2-fe4897d9f2c5,8a1449f9-6f73-40ea-9df0-47d7529f83a1,concrete-slabs,All Inclusive,0,0,,12000,0,0,0,0,FALSE,2025-10-30 00:49:24.740542+00,2025-10-30 00:49:24.740542+00
50adf992-0254-470d-b2a1-4004be395617,8a1449f9-6f73-40ea-9df0-47d7529f83a1,concrete-slabs,Garage Slab,2000,1500,Concrete Co,3500,0,0,0,160,FALSE,2025-10-30 00:49:24.740542+00,2025-10-30 00:49:24.740542+00
c2455b19-f503-4252-a4a8-d51fe59941ad,8a1449f9-6f73-40ea-9df0-47d7529f83a1,concrete-slabs,Porch Slab,800,600,Concrete Co,1400,0,0,0,159,FALSE,2025-10-30 00:49:24.740542+00,2025-10-30 00:49:24.740542+00
c9d8a38f-01b6-4a78-871b-73d50d6ce1ba,8a1449f9-6f73-40ea-9df0-47d7529f83a1,concrete-slabs,Sidewalks,600,500,Concrete Co,1100,0,0,0,161,FALSE,2025-10-30 00:49:24.740542+00,2025-10-30 00:49:24.740542+00
58e8cc95-3145-4e7b-8fe2-2f8b1a585a07,8a1449f9-6f73-40ea-9df0-47d7529f83a1,concrete-slabs,Concrete pump,0,500,Concrete Pumping,500,0,0,0,141,FALSE,2025-10-30 00:49:24.740542+00,2025-10-30 00:49:24.740542+00
0f74c07e-d946-4a59-8601-72faed5549e8,8a1449f9-6f73-40ea-9df0-47d7529f83a1,concrete-slabs,Footings/Pads,1000,800,Concrete Co,1800,0,0,0,55,FALSE,2025-10-30 00:49:24.740542+00,2025-10-30 00:49:24.740542+00
9b7570b8-58d9-4d0f-8236-d269d0a094c0,8a1449f9-6f73-40ea-9df0-47d7529f83a1,concrete-slabs,Driveway,3000,2000,Concrete Co,5000,0,0,0,124,FALSE,2025-10-30 00:49:24.740542+00,2025-10-30 00:49:24.740542+00
8479b3dd-c794-47f9-92f1-814a891ea41f,8a1449f9-6f73-40ea-9df0-47d7529f83a1,concrete-slabs,Other Flatwork,500,400,Concrete Co,900,0,0,0,125,FALSE,2025-10-30 00:49:24.740542+00,2025-10-30 00:49:24.740542+00
fab5219c-58f3-4a0e-9cf9-bf1b3c942ffc,8a1449f9-6f73-40ea-9df0-47d7529f83a1,concrete-slabs,Deck Footings,400,300,Concrete Co,700,0,0,0,121,FALSE,2025-10-30 00:49:24.740542+00,2025-10-30 00:49:24.740542+00
9006ba27-2ddf-4288-a3ac-0d40c85e4848,8a1449f9-6f73-40ea-9df0-47d7529f83a1,concrete-slabs,Patio,1500,1200,Concrete Co,2700,0,0,0,162,FALSE,2025-10-30 00:49:24.740542+00,2025-10-30 00:49:24.740542+00
ceaeeeed-a080-431d-8bcc-a7c7a7080592,8a1449f9-6f73-40ea-9df0-47d7529f83a1,roofing,"Nails, Screws, Fasteners",200,0,Hardware Supply,200,0,0,0,79,FALSE,2025-10-30 00:49:41.78172+00,2025-10-30 00:49:41.78172+00
d5469d4a-6c3a-4689-a595-0e116ed2b52f,8a1449f9-6f73-40ea-9df0-47d7529f83a1,site-prep-excavation,Job-Site Security,200,0,,200,210,210,0,12,FALSE,2025-10-30 00:45:35.625426+00,2025-10-30 00:45:35.625426+00
c002ed86-7df1-4b16-825c-d301fe3fa237,8a1449f9-6f73-40ea-9df0-47d7529f83a1,site-prep-excavation,Clear Lot,0,2500,Land Clearing LLC,2500,3500,3000,0,14,FALSE,2025-10-30 00:45:35.625426+00,2025-10-30 00:45:35.625426+00
ca56f309-29ee-44a4-adf7-fa3843087396,8a1449f9-6f73-40ea-9df0-47d7529f83a1,site-prep-excavation,Dumpster & Removal,400,0,Waste Management,400,300,200,0,15,FALSE,2025-10-30 00:45:35.625426+00,2025-10-30 00:45:35.625426+00
f623c13e-09a4-4c2b-ac7a-43d7c8403abd,8a1449f9-6f73-40ea-9df0-47d7529f83a1,site-prep-excavation,Job-Site Access,500,1000,Driveway Co,1500,1500,1500,0,11,FALSE,2025-10-30 00:45:35.625426+00,2025-10-30 00:45:35.625426+00
d6a7a1b6-8b51-4ebc-8c51-3fa26b704602,8a1449f9-6f73-40ea-9df0-47d7529f83a1,site-prep-excavation,Storage On Site,150,0,Storage Rental,150,150,150,0,16,FALSE,2025-10-30 00:45:35.625426+00,2025-10-30 00:45:35.625426+00
64154e2c-3da8-46f8-9ebe-e3b10bedb6de,8a1449f9-6f73-40ea-9df0-47d7529f83a1,site-prep-excavation,Temporary Heat,100,0,,100,200,200,0,19,FALSE,2025-10-30 00:45:35.625426+00,2025-10-30 00:45:35.625426+00
ccb2d5b8-6358-48b3-9bca-96f0647916b8,8a1449f9-6f73-40ea-9df0-47d7529f83a1,site-prep-excavation,Portable Toilet,200,0,PortaPotty Inc,200,210,210,0,17,FALSE,2025-10-30 00:45:35.625426+00,2025-10-30 00:45:35.625426+00
3a927f67-c9d6-4cf3-8a21-06f22a4c0251,8a1449f9-6f73-40ea-9df0-47d7529f83a1,site-prep-excavation,Temporary Power,300,200,Electric Co,500,500,500,0,18,FALSE,2025-10-30 00:45:35.625426+00,2025-10-30 00:45:35.625426+00
a25df026-6732-4717-ae14-34ccb586716b,8a1449f9-6f73-40ea-9df0-47d7529f83a1,site-prep-excavation,Compaction,0,500,Excavation Pro,500,510,510,0,28,FALSE,2025-10-30 00:45:35.625426+00,2025-10-30 00:45:35.625426+00
d75251a9-13e5-4841-b0d0-cb9fcedd86fd,8a1449f9-6f73-40ea-9df0-47d7529f83a1,site-prep-excavation,Cut & Fill,0,3000,Excavation Pro,3000,3000,3000,0,20,FALSE,2025-10-30 00:45:35.625426+00,2025-10-30 00:45:35.625426+00
a64926da-d604-43ca-a377-8f35c13d974a,8a1449f9-6f73-40ea-9df0-47d7529f83a1,site-prep-excavation,Removal Of Stone/Dirt,500,1000,Excavation Pro,1500,1500,1500,0,22,FALSE,2025-10-30 00:45:35.625426+00,2025-10-30 00:45:35.625426+00
11959aec-fa6d-4c45-8797-eca0fce763eb,8a1449f9-6f73-40ea-9df0-47d7529f83a1,site-prep-excavation,Rough Grading,0,2000,Grading Services,2000,2000,2000,0,23,FALSE,2025-10-30 00:45:35.625426+00,2025-10-30 00:45:35.625426+00
a64b5b05-2a19-4886-b088-fbe311c1d105,8a1449f9-6f73-40ea-9df0-47d7529f83a1,site-prep-excavation,Trenching For Utility Hookups,200,800,Utility Trenching,1000,1110,1000,0,24,FALSE,2025-10-30 00:45:35.625426+00,2025-10-30 00:45:35.625426+00
6a8c16db-de37-482d-b741-c615277ed811,8a1449f9-6f73-40ea-9df0-47d7529f83a1,site-prep-excavation,Foundation Excavation,0,3500,Excavation Pro,3500,3500,3000,0,25,FALSE,2025-10-30 00:45:35.625426+00,2025-10-30 00:45:35.625426+00
96144dad-a384-4138-b345-4c786b0b7c03,8a1449f9-6f73-40ea-9df0-47d7529f83a1,site-prep-excavation,Foundation Footing Drains,400,600,Drainage Inc,1000,1000,1000,0,26,FALSE,2025-10-30 00:45:35.625426+00,2025-10-30 00:45:35.625426+00
5bc3855f-7799-4c8f-8b82-b1cfe7414262,8a1449f9-6f73-40ea-9df0-47d7529f83a1,site-prep-excavation,Backfill,0,800,Excavation Pro,800,820,820,0,27,FALSE,2025-10-30 00:45:35.625426+00,2025-10-30 00:45:35.625426+00
6609b226-fdad-4bff-b14a-49bb45faa9fe,8a1449f9-6f73-40ea-9df0-47d7529f83a1,site-prep-excavation,Curtain Drains,300,700,Drainage Inc,1000,1500,1500,0,29,FALSE,2025-10-30 00:45:35.625426+00,2025-10-30 00:45:35.625426+00
ed067a17-1b65-4f50-9b55-4417345b9b9d,8a1449f9-6f73-40ea-9df0-47d7529f83a1,site-prep-excavation,Swales,0,400,Grading Services,400,300,300,0,30,FALSE,2025-10-30 00:45:35.625426+00,2025-10-30 00:45:35.625426+00
6fb0e013-1471-4a1b-b8f0-435641593276,8a1449f9-6f73-40ea-9df0-47d7529f83a1,site-prep-excavation,Retaining Walls,2000,3000,Wall Masters,5000,5000,5000,0,31,FALSE,2025-10-30 00:45:35.625426+00,2025-10-30 00:45:35.625426+00
bf80d071-9fda-46ef-a008-5454cdd8a2c6,8a1449f9-6f73-40ea-9df0-47d7529f83a1,site-prep-excavation,Topsoil,800,400,Landscape Supply,1200,1200,1200,0,34,FALSE,2025-10-30 00:45:35.625426+00,2025-10-30 00:45:35.625426+00
a2953d2a-383f-474a-8480-ccc04d91acd3,8a1449f9-6f73-40ea-9df0-47d7529f83a1,site-prep-excavation,Finish Grading,0,1500,Grading Services,1500,1400,1400,0,35,FALSE,2025-10-30 00:45:35.625426+00,2025-10-30 00:45:35.625426+00
6a8fc3ca-27f2-4b4c-8756-4c1d7b2ea0e8,faa2ce97-f51f-4379-a198-94f71aacc514,site-prep-excavation,Tool/Equipment Rental,2,345.89,EQUIP99Y,4,125.69,6,119.69,24,FALSE,2025-10-12 01:53:36.659042+00,2025-10-12 01:53:36.659042+00
c893d786-bbc9-4ce2-b444-b91cf3a2c303,faa2ce97-f51f-4379-a198-94f71aacc514,pre-construction,Insurance,1,254.87,INSURE20S,2,345.89,3,342.89,11,FALSE,2025-10-12 01:53:33.185309+00,2025-10-12 01:53:33.185309+00
5383df69-5ebc-4b80-9c12-a66cb25e9590,8a1449f9-6f73-40ea-9df0-47d7529f83a1,roofing,All Inclusive,0,0,,12000,0,0,0,0,FALSE,2025-10-30 00:49:41.78172+00,2025-10-30 00:49:41.78172+00
283085f8-737c-442b-aa27-4ebc888e1d4a,faa2ce97-f51f-4379-a198-94f71aacc514,foundation,Piers,1,987.45,BLKH98K,3,154.87,5,149.87,58,FALSE,2025-10-12 01:53:43.688491+00,2025-10-12 01:53:43.688491+00
b79cba6e-560f-4f6a-b3dd-f05974959c78,faa2ce97-f51f-4379-a198-94f71aacc514,pre-construction,Impact Fee,3,458.74,VNDR258A,2,145.87,5,140.87,6,FALSE,2025-10-12 01:53:31.262671+00,2025-10-12 01:53:31.262671+00
0e211a90-6d29-412b-a8bc-8cc41bc987e1,faa2ce97-f51f-4379-a198-94f71aacc514,site-prep-excavation,Job-Site Security,2548.74,1254.87,SECURE63Q,3803.61,2548.74,1254.87,1293.87,16,FALSE,2025-10-12 01:53:34.472438+00,2025-10-12 01:53:34.472438+00
6d9c35b1-6336-44c5-887f-488062d2ef59,faa2ce97-f51f-4379-a198-94f71aacc514,utilities-septic,Soil & Perc Tests,4125.69,1987.45,SOIL11Z,6113.14,4125.69,1987.45,2138.24,25,FALSE,2025-10-12 01:53:37.011071+00,2025-10-12 01:53:37.011071+00
8eec0b3a-1afe-46ac-a0d6-790f0bc7f7cb,8a1449f9-6f73-40ea-9df0-47d7529f83a1,utilities-septic,Septic System Design,500,300,Septic Design Inc,800,800,800,0,43,FALSE,2025-10-30 00:46:52.103685+00,2025-10-30 00:46:52.103685+00
f895f694-3aeb-4cdb-a0da-d5b6b04fb27a,faa2ce97-f51f-4379-a198-94f71aacc514,site-prep-excavation,Job-Site Access,3154.87,2548.74,ACCESS21P,5703.61,3154.87,2548.74,606.13,15,FALSE,2025-10-12 01:53:34.238903+00,2025-10-12 01:53:34.238903+00
f9750d08-82ef-4eb1-8a40-7a4ed51051b7,faa2ce97-f51f-4379-a198-94f71aacc514,site-prep-excavation,Dumpster & Removal,1,254.87,TRASH19R,2,345.89,3,342.89,17,FALSE,2025-10-12 01:53:34.842602+00,2025-10-12 01:53:34.842602+00
fff67483-c3cf-4127-bbb3-3c0f55d5ecf6,faa2ce97-f51f-4379-a198-94f71aacc514,site-prep-excavation,Clear Lot,2,345.89,CLEAR88S,4,125.69,6,119.69,18,FALSE,2025-10-12 01:53:35.125942+00,2025-10-12 01:53:35.125942+00
02b821b1-d44d-4306-ad5e-65c0df1e8534,faa2ce97-f51f-4379-a198-94f71aacc514,site-prep-excavation,Temporary Heat,2548.74,1254.87,HEAT44W,3803.61,2548.74,1254.87,1293.87,22,FALSE,2025-10-12 01:53:36.130462+00,2025-10-12 01:53:36.130462+00
e3483e9e-35bb-456a-acdb-c00eb1a4d5b5,faa2ce97-f51f-4379-a198-94f71aacc514,site-prep-excavation,Portable Toilet,1,987.45,TOILET33U,3,154.87,5,149.87,20,FALSE,2025-10-12 01:53:35.567915+00,2025-10-12 01:53:35.567915+00
f8abc291-dec1-4fad-bb06-201cdfc683de,faa2ce97-f51f-4379-a198-94f71aacc514,utilities-septic,"Septic Permits, Inspections, Fees",3154.87,2548.74,PERMIT33B,5703.61,3154.87,2548.74,606.13,26,FALSE,2025-10-12 02:21:10.150189+00,2025-10-12 02:21:10.150189+00
c8e8a209-694e-40be-b8ff-45b1012cf832,faa2ce97-f51f-4379-a198-94f71aacc514,utilities-septic,Septic System Design,1,987.45,SEPTIC22A,3,154.87,5,149.87,26,FALSE,2025-10-12 01:53:37.178586+00,2025-10-12 01:53:37.178586+00
990d4dd7-50f1-4c92-8f80-c8bb714375ec,faa2ce97-f51f-4379-a198-94f71aacc514,utilities-septic,Telecom Hookup,1,254.87,GRADE87P,2,345.89,3,342.89,37,FALSE,2025-10-12 01:53:39.235294+00,2025-10-12 01:53:39.235294+00
9cbfc801-d3a8-4c36-8c7f-e469d189b500,faa2ce97-f51f-4379-a198-94f71aacc514,exterior,Fascia,3154.87,2548.74,WIND66Z,5703.61,3154.87,2548.74,606.13,119,FALSE,2025-10-12 01:53:02.183063+00,2025-10-12 01:53:02.183063+00
9421f266-f939-4ee4-bfa0-6aede5405e0b,faa2ce97-f51f-4379-a198-94f71aacc514,utilities-septic,Well Permits & Fees,1,987.45,SEWER88G,3,154.87,5,149.87,30,FALSE,2025-10-12 01:53:37.807501+00,2025-10-12 01:53:37.807501+00
ed4eaac6-6f8e-4c0b-b38c-7c0e6662804d,faa2ce97-f51f-4379-a198-94f71aacc514,site-prep-excavation,Cut & Fill,2,345.89,TRENCH98Q,4,125.69,6,119.69,38,FALSE,2025-10-12 01:53:39.406011+00,2025-10-12 01:53:39.406011+00
5170bcea-0ba6-4b91-8a47-2bd0d905afcd,faa2ce97-f51f-4379-a198-94f71aacc514,site-prep-excavation,Rough Grading,3154.87,2548.74,BACKF21T,5703.61,3154.87,2548.74,606.13,41,FALSE,2025-10-12 01:53:40.151252+00,2025-10-12 01:53:40.151252+00
06a20359-eac2-43d8-a560-b764ff8cee4b,faa2ce97-f51f-4379-a198-94f71aacc514,site-prep-excavation,Foundation Excavation,1,254.87,CURTD43V,2,345.89,3,342.89,43,FALSE,2025-10-12 01:53:40.548155+00,2025-10-12 01:53:40.548155+00
17a52a22-fa1a-4c7f-b532-7d8444b046f4,faa2ce97-f51f-4379-a198-94f71aacc514,site-prep-excavation,Blasting,4125.69,1987.45,FNDEXC09R,6113.14,4125.69,1987.45,2138.24,39,FALSE,2025-10-12 01:53:39.61374+00,2025-10-12 01:53:39.61374+00
6583212b-ae0a-40ce-b6b7-8c6c02be9d07,faa2ce97-f51f-4379-a198-94f71aacc514,foundation,Bulkheads,2,345.89,FNDW32O,4,125.69,6,119.69,62,FALSE,2025-10-12 01:53:44.39258+00,2025-10-12 01:53:44.39258+00
5886b632-d9c5-466b-9071-3aef527c4a27,faa2ce97-f51f-4379-a198-94f71aacc514,site-prep-excavation,Compaction,1,987.45,POND76Y,3,154.87,5,149.87,46,FALSE,2025-10-12 01:53:41.225575+00,2025-10-12 01:53:41.225575+00
5dc084f0-b206-4e6f-a5b9-98b6b25ad75f,faa2ce97-f51f-4379-a198-94f71aacc514,site-prep-excavation,Removal Of Stone/Dirt,1,987.45,DRAIN10S,3,154.87,5,149.87,40,FALSE,2025-10-12 01:53:39.804521+00,2025-10-12 01:53:39.804521+00
c80490cf-83bc-42b3-b750-37e291442160,faa2ce97-f51f-4379-a198-94f71aacc514,site-prep-excavation,Foundation Footing Drains,2,345.89,SWALE54W,4,125.69,6,119.69,44,FALSE,2025-10-12 01:53:40.7177+00,2025-10-12 01:53:40.7177+00
edba22cd-80f9-4244-9a65-922a6c385029,faa2ce97-f51f-4379-a198-94f71aacc514,site-prep-excavation,Trenching For Utility Hookups,2548.74,1254.87,COMPA32U,3803.61,2548.74,1254.87,1293.87,42,FALSE,2025-10-12 01:53:40.371376+00,2025-10-12 01:53:40.371376+00
d6abb4a0-6315-4a57-b46e-9bc6870caa3c,faa2ce97-f51f-4379-a198-94f71aacc514,site-prep-excavation,Swales,2548.74,1254.87,TOPSO98A,3803.61,2548.74,1254.87,1293.87,48,FALSE,2025-10-12 01:53:41.549428+00,2025-10-12 01:53:41.549428+00
82c26c01-d81e-4994-9d2a-67d0931f8d07,faa2ce97-f51f-4379-a198-94f71aacc514,site-prep-excavation,Ponds,2,345.89,SEED10C,4,125.69,6,119.69,50,FALSE,2025-10-12 01:53:42.202776+00,2025-10-12 01:53:42.202776+00
16044c64-2da4-4e14-8fb5-97f80e832c56,faa2ce97-f51f-4379-a198-94f71aacc514,site-prep-excavation,Backfill,4125.69,1987.45,RETAIN65X,6113.14,4125.69,1987.45,2138.24,45,FALSE,2025-10-12 01:53:41.047483+00,2025-10-12 01:53:41.047483+00
4666da80-9804-4c1a-8fd9-dfbabb0d4352,faa2ce97-f51f-4379-a198-94f71aacc514,site-prep-excavation,Seeding/Sod,2548.74,1254.87,PIER54G,3803.61,2548.74,1254.87,1293.87,54,FALSE,2025-10-12 01:53:42.975055+00,2025-10-12 01:53:42.975055+00
e516cc80-46b9-49e9-adae-604153917cc4,faa2ce97-f51f-4379-a198-94f71aacc514,site-prep-excavation,Retaining Walls,1,254.87,FINISH09B,2,345.89,3,342.89,49,FALSE,2025-10-12 01:53:41.7308+00,2025-10-12 01:53:41.7308+00
9fa1fcab-42b8-4563-8654-c2c662f06512,faa2ce97-f51f-4379-a198-94f71aacc514,foundation,Foundation walls/stem walls/grade beams,4125.69,1987.45,ANCHR87J,6113.14,4125.69,1987.45,2138.24,57,FALSE,2025-10-12 01:53:43.551682+00,2025-10-12 01:53:43.551682+00
4c48b89e-4de9-4395-9193-67fa7203091f,faa2ce97-f51f-4379-a198-94f71aacc514,site-prep-excavation,Other Site Drainage,4125.69,1987.45,LANDS21D,6113.14,4125.69,1987.45,2138.24,51,FALSE,2025-10-12 01:53:42.517216+00,2025-10-12 01:53:42.517216+00
e2f4976a-72f8-4fa4-8e67-9090320d8b0d,faa2ce97-f51f-4379-a198-94f71aacc514,pre-construction,Administrative Costs,4,125.69,ADMIN89T,1,478.96,5,473.96,7,FALSE,2025-10-12 01:53:31.72886+00,2025-10-12 01:53:31.72886+00
0fcf95ee-91b4-46b2-a50e-1495df32e136,faa2ce97-f51f-4379-a198-94f71aacc514,site-prep-excavation,Topsoil,1,987.45,FOOT32E,3,154.87,5,149.87,52,FALSE,2025-10-12 01:53:42.672991+00,2025-10-12 01:53:42.672991+00
58491430-f836-4952-9956-eb722097bd09,faa2ce97-f51f-4379-a198-94f71aacc514,foundation,Steel Reinforcing,2548.74,1254.87,CRAWL10M,3803.61,2548.74,1254.87,1293.87,60,FALSE,2025-10-12 01:53:44.01496+00,2025-10-12 01:53:44.01496+00
a2e9f48d-61c9-49ea-8503-9dbf6fd4c21f,faa2ce97-f51f-4379-a198-94f71aacc514,foundation,Footings/Pads,2,345.89,STEEL76I,4,125.69,6,119.69,56,FALSE,2025-10-12 01:53:43.406542+00,2025-10-12 01:53:43.406542+00
47749580-b941-43e7-b851-d4ae05d71b4d,faa2ce97-f51f-4379-a198-94f71aacc514,electrical-rough,Devices: outlets,2548.74,1254.87,RANGE09I,3803.61,2548.74,1254.87,1293.87,103,FALSE,2025-10-12 01:53:01.373042+00,2025-10-12 01:53:01.373042+00
2f698451-7e05-45a2-829f-ecaf0dca3c24,faa2ce97-f51f-4379-a198-94f71aacc514,pre-construction,Engineering Fees,3154.87,1254.87,ENGR31F,4409.74,4789.21,1254.87,3534.34,10,FALSE,2025-10-12 01:53:32.835583+00,2025-10-12 01:53:32.835583+00
54934b6d-1732-4a53-a6d7-49f8dc640158,faa2ce97-f51f-4379-a198-94f71aacc514,hvac-rough,Low-voltage/security rough-in (cameras,2,345.89,SIPL88F,4,125.69,6,119.69,150,FALSE,2025-10-12 01:53:02.526604+00,2025-10-12 01:53:02.526604+00
8a645601-aa77-43b6-a51c-3bfef863048b,faa2ce97-f51f-4379-a198-94f71aacc514,pre-construction,Legal Fees,1987.45,4789.21,LEGAL10B,6776.66,3154.87,2548.74,606.13,9,FALSE,2025-10-12 01:53:32.392817+00,2025-10-12 01:53:32.392817+00
7f86d7b6-0bd2-4ea6-a2bc-af28ee2be4bb,faa2ce97-f51f-4379-a198-94f71aacc514,utilities-septic,Oil Tank Installation,2548.74,1254.87,DIRT76O,3803.61,2548.74,1254.87,1293.87,36,FALSE,2025-10-12 01:53:39.006976+00,2025-10-12 01:53:39.006976+00
980ed844-fd20-4cac-8340-69a8ebc42045,faa2ce97-f51f-4379-a198-94f71aacc514,site-prep-excavation,Storage On Site,4125.69,1987.45,STORE55T,6113.14,4125.69,1987.45,2138.24,19,FALSE,2025-10-12 01:53:35.400238+00,2025-10-12 01:53:35.400238+00
893837c0-955a-4624-8e34-2d712dfb2f85,faa2ce97-f51f-4379-a198-94f71aacc514,utilities-septic,Town Sewer: Tap Fees & Hookup,2548.74,1254.87,GAS10I,3803.61,2548.74,1254.87,1293.87,32,FALSE,2025-10-12 01:53:38.308952+00,2025-10-12 01:53:38.308952+00
99565343-ee5d-43c2-a211-c4b95ada8047,faa2ce97-f51f-4379-a198-94f71aacc514,rough-framing,Subfascia,1,254.87,MEMB09F,2,345.89,3,342.89,79,FALSE,2025-10-12 01:53:47.050412+00,2025-10-12 01:53:47.050412+00
7c22ed8e-35df-4f65-ac1b-e60497cba5a0,faa2ce97-f51f-4379-a198-94f71aacc514,electrical-rough,Rough Wiring,2548.74,1254.87,DUCT43C,3803.61,2548.74,1254.87,1293.87,100,FALSE,2025-10-12 01:53:50.270264+00,2025-10-12 01:53:50.270264+00
9059980b-89f9-4fee-96d4-3a7cb4cde525,faa2ce97-f51f-4379-a198-94f71aacc514,exterior,Siding Finish,2,345.89,FIRE33W,4,125.69,6,119.69,117,FALSE,2025-10-12 01:53:53.366082+00,2025-10-12 01:53:53.366082+00
9ed0e5bf-f217-4218-b32a-781ef74ab4dc,faa2ce97-f51f-4379-a198-94f71aacc514,kitchen-bath,Dishwasher,3154.87,2548.74,PAINT00T,5703.61,3154.87,2548.74,606.13,114,FALSE,2025-10-12 01:53:53.022233+00,2025-10-12 01:53:53.022233+00
47ecc3a4-ea1b-401b-935d-261dc8009dde,faa2ce97-f51f-4379-a198-94f71aacc514,exterior,Soffit/Gable vents,2548.74,1254.87,IDR77A,3803.61,2548.74,1254.87,1293.87,120,FALSE,2025-10-12 01:53:54.1322+00,2025-10-12 01:53:54.1322+00
f3741381-c0b4-446d-bc64-60c33a4fbad3,faa2ce97-f51f-4379-a198-94f71aacc514,utilities-septic,"Septic System Installation, Tie In To House",2548.74,1254.87,SEPIN44C,3803.61,2548.74,1254.87,1293.87,27,FALSE,2025-10-12 02:21:10.518036+00,2025-10-12 02:21:10.518036+00
194abcf0-0b4c-41fc-8732-bcd5e28fea20,faa2ce97-f51f-4379-a198-94f71aacc514,roofing,Underlayment,2548.74,1254.87,SKY54K,3803.61,2548.74,1254.87,1293.87,83,FALSE,2025-10-12 01:53:47.719161+00,2025-10-12 01:53:47.719161+00
a07df930-c034-48a7-aac3-5a1534704669,faa2ce97-f51f-4379-a198-94f71aacc514,trim-carpentry,Interior Trim Labor,1,987.45,CLEAN99W,3,154.87,5,149.87,141,FALSE,2025-10-12 01:53:59.154071+00,2025-10-12 01:53:59.154071+00
ff984a6c-11b5-4345-9936-832fc884c8c9,faa2ce97-f51f-4379-a198-94f71aacc514,foundation,Foundation Windows,1,254.87,COAT87T,2,345.89,3,342.89,67,FALSE,2025-10-12 01:53:45.589492+00,2025-10-12 01:53:45.589492+00
64d63bdf-60ea-42f5-94f3-a5b069727947,faa2ce97-f51f-4379-a198-94f71aacc514,final-touches,Punch List & Finish Repairs,2548.74,1254.87,SOFT11Y,3803.61,2548.74,1254.87,1293.87,143,FALSE,2025-10-12 01:53:59.46143+00,2025-10-12 01:53:59.46143+00
ed1c30ae-5bd2-451c-9571-b87e1643686e,faa2ce97-f51f-4379-a198-94f71aacc514,under-slab-services,Slab insulation: Edge/Below,1,987.45,FRAME10W,3,154.87,5,149.87,70,FALSE,2025-10-12 01:53:45.86729+00,2025-10-12 01:53:45.86729+00
7f946e7c-208e-4e26-a301-9f9a171422ef,faa2ce97-f51f-4379-a198-94f71aacc514,foundation,Exterior Insulation Coating/Protection,2548.74,1254.87,SHEATH32Y,3803.61,2548.74,1254.87,1293.87,72,FALSE,2025-10-12 01:53:46.149704+00,2025-10-12 01:53:46.149704+00
07a0455c-6b3d-44cf-8665-5db1213046c8,faa2ce97-f51f-4379-a198-94f71aacc514,electrical-rough,"Smoke, CO2 Alarms",3154.87,2548.74,FRIDGE98H,5703.61,3154.87,2548.74,606.13,103,FALSE,2025-10-12 02:21:20.419221+00,2025-10-12 02:21:20.419221+00
f2d1130e-f317-42d9-93af-0091750b916b,faa2ce97-f51f-4379-a198-94f71aacc514,rough-framing,Floor Framing,4125.69,1987.45,CONN65B,6113.14,4125.69,1987.45,2138.24,75,FALSE,2025-10-12 01:53:46.765298+00,2025-10-12 01:53:46.765298+00
79334da9-d602-4fb1-a1b0-c7f32febb34d,faa2ce97-f51f-4379-a198-94f71aacc514,roofing,Membrane,1,254.87,VENT65L,2,345.89,3,342.89,84,FALSE,2025-10-12 01:53:47.85164+00,2025-10-12 01:53:47.85164+00
85a202d8-d931-4306-8b5d-b06109677413,faa2ce97-f51f-4379-a198-94f71aacc514,rough-framing,Steel Framing Connectors,2,345.89,FLASH10G,4,125.69,6,119.69,80,FALSE,2025-10-12 01:53:47.169419+00,2025-10-12 01:53:47.169419+00
88db3b56-e0f6-442f-99b2-a543889af519,faa2ce97-f51f-4379-a198-94f71aacc514,foundation,Exterior Foundation Insulation,3154.87,2548.74,WALL21X,5703.61,3154.87,2548.74,606.13,71,FALSE,2025-10-12 01:53:45.99487+00,2025-10-12 01:53:45.99487+00
589f535c-5347-450a-a345-424862a9b534,faa2ce97-f51f-4379-a198-94f71aacc514,rough-framing,Sill & Seal,1,254.87,ROOF43Z,2,345.89,3,342.89,73,FALSE,2025-10-12 01:53:46.621822+00,2025-10-12 01:53:46.621822+00
f632466e-a9d7-4062-9d00-deef4f424acd,faa2ce97-f51f-4379-a198-94f71aacc514,hvac-rough,Central AC,2,345.89,FOAM11K,4,125.69,6,119.69,106,FALSE,2025-10-12 01:53:51.39634+00,2025-10-12 01:53:51.39634+00
32daa305-75e2-4c96-aaf2-503f977013f9,faa2ce97-f51f-4379-a198-94f71aacc514,roofing,Drip Edge,4125.69,1987.45,PIPE87N,6113.14,4125.69,1987.45,2138.24,86,FALSE,2025-10-12 01:53:48.019497+00,2025-10-12 01:53:48.019497+00
f704be2e-ff03-4b9e-96f7-8bba6f54e60a,faa2ce97-f51f-4379-a198-94f71aacc514,plumbing-rough,Water Treatment,3154.87,2548.74,WIRE76V,5703.61,3154.87,2548.74,606.13,94,FALSE,2025-10-12 01:53:49.591462+00,2025-10-12 01:53:49.591462+00
53c34ee8-3e6b-440f-be2e-69ba25c08f9c,faa2ce97-f51f-4379-a198-94f71aacc514,plumbing-rough,Water Heater,2548.74,1254.87,DATA87W,3803.61,2548.74,1254.87,1293.87,95,FALSE,2025-10-12 01:53:49.782571+00,2025-10-12 01:53:49.782571+00
d8b2dc57-6fa6-473e-87a0-f892e526b41b,faa2ce97-f51f-4379-a198-94f71aacc514,rough-framing,Roof Framing/Trusses,2548.74,1254.87,UNDR98E,3803.61,2548.74,1254.87,1293.87,78,FALSE,2025-10-12 01:53:46.918384+00,2025-10-12 01:53:46.918384+00
5eba597c-2a88-4a31-9809-2ef7f1a6552e,faa2ce97-f51f-4379-a198-94f71aacc514,kitchen-bath,Disposal,1,987.45,FURN21A,3,154.87,5,149.87,98,FALSE,2025-10-12 01:53:50.098075+00,2025-10-12 01:53:50.098075+00
3f2eeec3-5994-4fe3-a4f1-c115f040589e,faa2ce97-f51f-4379-a198-94f71aacc514,electrical-rough,Lighting Fixtures,4125.69,1987.45,BATH76F,6113.14,4125.69,1987.45,2138.24,102,FALSE,2025-10-12 01:53:50.885149+00,2025-10-12 01:53:50.885149+00
10b2e1e1-2d90-4a07-84a6-2241e1ae822a,faa2ce97-f51f-4379-a198-94f71aacc514,paint,Interior Paint & Stain,3154.87,2548.74,WINDT00X,5703.61,3154.87,2548.74,606.13,142,FALSE,2025-10-12 01:53:59.298133+00,2025-10-12 01:53:59.298133+00
9f991057-dc2a-407e-8181-c36068d40161,faa2ce97-f51f-4379-a198-94f71aacc514,kitchen-bath,Bath Cabinets,1,254.87,VENT66P,2,345.89,3,342.89,110,FALSE,2025-10-12 01:53:52.477568+00,2025-10-12 01:53:52.477568+00
a8034f21-8e87-4842-8a8c-69e4dc830995,faa2ce97-f51f-4379-a198-94f71aacc514,under-slab-services,Crawlspace Vapor Barrier,3154.87,2548.74,SLBIN65R,5703.61,3154.87,2548.74,606.13,65,FALSE,2025-10-12 01:53:44.88163+00,2025-10-12 01:53:44.88163+00
4fa57f1b-6505-4b47-9a60-49ed721f09a1,faa2ce97-f51f-4379-a198-94f71aacc514,hvac-rough,Furnace/Heat Pump,1,254.87,DW10J,2,345.89,3,342.89,105,FALSE,2025-10-12 01:53:51.201693+00,2025-10-12 01:53:51.201693+00
ea7cd856-cfd7-4eda-ba03-32b9182fdee0,faa2ce97-f51f-4379-a198-94f71aacc514,site-prep-excavation,Erosion-control / silt fencing package,1,254.87,SMART22Z,2,345.89,3,342.89,144,FALSE,2025-10-12 01:53:59.62005+00,2025-10-12 01:53:59.62005+00
9b3bdf92-150d-48dc-83d1-d67176d12546,faa2ce97-f51f-4379-a198-94f71aacc514,hvac-rough,"Ductwork, Grilles, Registers",4125.69,1987.45,WRAP22L,6113.14,4125.69,1987.45,2138.24,106,FALSE,2025-10-12 02:21:20.862538+00,2025-10-12 02:21:20.862538+00
abcfc4be-62c9-41ba-9eb9-058f866316b2,faa2ce97-f51f-4379-a198-94f71aacc514,utilities-septic,Town Water: Tap Fees & Hookup,3154.87,2548.74,ELEC99H,5703.61,3154.87,2548.74,606.13,31,FALSE,2025-10-12 01:53:38.162302+00,2025-10-12 01:53:38.162302+00
54387c14-3497-495e-8490-16ba174f9b7d,faa2ce97-f51f-4379-a198-94f71aacc514,exterior,Stone/Brick Veneer,4125.69,1987.45,DRIVE44X,6113.14,4125.69,1987.45,2138.24,118,FALSE,2025-10-12 01:53:53.534798+00,2025-10-12 01:53:53.534798+00
f752ae99-2c82-4ea7-abd5-41de1fd108f4,faa2ce97-f51f-4379-a198-94f71aacc514,trim-carpentry,Interior Trim Materials,4125.69,1987.45,CLO88V,6113.14,4125.69,1987.45,2138.24,140,FALSE,2025-10-12 01:53:58.694028+00,2025-10-12 01:53:58.694028+00
31aaa392-4f61-479d-9a5c-5b0ab7243d68,faa2ce97-f51f-4379-a198-94f71aacc514,hvac-rough,HVAC Controls,3154.87,2548.74,VENR44N,5703.61,3154.87,2548.74,606.13,108,FALSE,2025-10-12 01:53:52.146755+00,2025-10-12 01:53:52.146755+00
541c3ece-27c8-4c4a-9c80-a00c50f61791,faa2ce97-f51f-4379-a198-94f71aacc514,kitchen-bath,Refrigerator,4125.69,1987.45,ETRIM88R,6113.14,4125.69,1987.45,2138.24,112,FALSE,2025-10-12 01:53:52.82733+00,2025-10-12 01:53:52.82733+00
ce7f7373-c0ce-4bae-b959-825c7efd941c,faa2ce97-f51f-4379-a198-94f71aacc514,under-slab-services,Sump Pump,1,987.45,DRB54Q,3,154.87,5,149.87,64,FALSE,2025-10-12 01:53:44.736984+00,2025-10-12 01:53:44.736984+00
43861f8d-591f-4d5f-adea-424437338dc0,faa2ce97-f51f-4379-a198-94f71aacc514,under-slab-services,Crawlspace Vents,2548.74,1254.87,FNDIN76S,3803.61,2548.74,1254.87,1293.87,66,FALSE,2025-10-12 01:53:45.05538+00,2025-10-12 01:53:45.05538+00
4438c4ee-67e2-4812-8355-166d39fee33c,faa2ce97-f51f-4379-a198-94f71aacc514,foundation,Foundation Drain Board,4125.69,1987.45,BEAM09V,6113.14,4125.69,1987.45,2138.24,69,FALSE,2025-10-12 01:53:45.720818+00,2025-10-12 01:53:45.720818+00
86790047-31b9-4edb-b52a-dca77d175f1a,faa2ce97-f51f-4379-a198-94f71aacc514,kitchen-bath,Kitchen Cabinets,2548.74,1254.87,TRIM55O,3803.61,2548.74,1254.87,1293.87,109,FALSE,2025-10-12 01:53:52.308948+00,2025-10-12 01:53:52.308948+00
2f27ff2a-eff9-4447-bb06-189afbb22e16,faa2ce97-f51f-4379-a198-94f71aacc514,exterior,Exterior Foam Sheathing,2548.74,1254.87,PATIO11U,3803.61,2548.74,1254.87,1293.87,115,FALSE,2025-10-12 01:53:53.208911+00,2025-10-12 01:53:53.208911+00
51bc7810-f099-4917-b3b4-f44a1f5c38c8,8a1449f9-6f73-40ea-9df0-47d7529f83a1,utilities-septic,Town Water: Tap Fees & Hookup,0,0,,0,0,0,0,48,FALSE,2025-10-30 00:46:52.103685+00,2025-10-30 00:46:52.103685+00
b5ee8571-a45a-4161-a83b-1d5a60a812a0,8a1449f9-6f73-40ea-9df0-47d7529f83a1,utilities-septic,Town Sewer: Tap Fees & Hookup,0,0,,0,0,0,0,49,FALSE,2025-10-30 00:46:52.103685+00,2025-10-30 00:46:52.103685+00
0bd7cb42-a6e9-478d-b605-6af84a12e276,8a1449f9-6f73-40ea-9df0-47d7529f83a1,utilities-septic,"Septic System Installation, Tie In To House",6000,4000,Septic Pro,10000,15000,15000,0,45,FALSE,2025-10-30 00:46:52.103685+00,2025-10-30 00:46:52.103685+00
28855736-395d-4bd7-8d81-5bcf6ca1f142,8a1449f9-6f73-40ea-9df0-47d7529f83a1,utilities-septic,Well Permits & Fees,200,0,County Water Dept,200,200,200,0,47,FALSE,2025-10-30 00:46:52.103685+00,2025-10-30 00:46:52.103685+00
bd2e6c71-4e60-4693-a846-8766b17f4379,faa2ce97-f51f-4379-a198-94f71aacc514,plumbing-rough,Water Supply Piping,4125.69,1987.45,DISP54T,6113.14,4125.69,1987.45,2138.24,92,FALSE,2025-10-12 01:53:49.144044+00,2025-10-12 01:53:49.144044+00
6390f381-8904-4ab2-be24-fe6e78761f1c,faa2ce97-f51f-4379-a198-94f71aacc514,trim-carpentry,Staircases & Railings,2,345.89,PEST11O,4,125.69,6,119.69,133,FALSE,2025-10-12 01:53:57.142477+00,2025-10-12 01:53:57.142477+00
ecda573b-3d85-46e8-947c-d5106d013ce5,faa2ce97-f51f-4379-a198-94f71aacc514,plumbing-rough,Gas Piping,1,987.45,PANEL65U,3,154.87,5,149.87,93,FALSE,2025-10-12 01:53:49.277679+00,2025-10-12 01:53:49.277679+00
a3755426-4fe0-446d-9e92-0bcd1578ec49,faa2ce97-f51f-4379-a198-94f71aacc514,electrical-rough,"Service Panel, Sub-Panels",3154.87,2548.74,AC32B,5703.61,3154.87,2548.74,606.13,98,FALSE,2025-10-12 02:21:19.852266+00,2025-10-12 02:21:19.852266+00
3164e680-a0e3-4d44-9e94-213b35a895c3,faa2ce97-f51f-4379-a198-94f71aacc514,flooring,Flooring Materials,4125.69,1987.45,RADON22P,6113.14,4125.69,1987.45,2138.24,134,FALSE,2025-10-12 01:53:57.30189+00,2025-10-12 01:53:57.30189+00
f8aa675a-9983-4d7b-9509-e64fb7e671fd,faa2ce97-f51f-4379-a198-94f71aacc514,flooring,Flooring Installation,1,987.45,PUMP33Q,3,154.87,5,149.87,135,FALSE,2025-10-12 01:53:57.495597+00,2025-10-12 01:53:57.495597+00
b8438797-d97e-405f-8dd4-3d4e17d575a5,faa2ce97-f51f-4379-a198-94f71aacc514,exterior,Window/Door Trim,1,254.87,CLOSET88B,2,345.89,3,342.89,121,FALSE,2025-10-12 01:53:54.37272+00,2025-10-12 01:53:54.37272+00
a422a25b-b531-46af-a4d5-0788b017b296,faa2ce97-f51f-4379-a198-94f71aacc514,exterior,Other Exterior Trim,2,345.89,STAIR99C,4,125.69,6,119.69,122,FALSE,2025-10-12 01:53:54.558069+00,2025-10-12 01:53:54.558069+00
725a5cde-df87-4167-99a8-53f4a9d9ad73,faa2ce97-f51f-4379-a198-94f71aacc514,insulation,Wall Insulation & Air Sealing,3154.87,2548.74,GAR44R,5703.61,3154.87,2548.74,606.13,136,FALSE,2025-10-12 01:53:57.672902+00,2025-10-12 01:53:57.672902+00
4d01f526-9a2e-4acd-918e-7e19064862f7,faa2ce97-f51f-4379-a198-94f71aacc514,insulation,Ceiling Insulation,2548.74,1254.87,VENT55S,3803.61,2548.74,1254.87,1293.87,137,FALSE,2025-10-12 01:53:58.093554+00,2025-10-12 01:53:58.093554+00
99ff823a-4747-4099-b440-adc7449131b1,faa2ce97-f51f-4379-a198-94f71aacc514,drywall,Drywall Installation,1,254.87,LOWV66T,2,345.89,3,342.89,138,FALSE,2025-10-12 01:53:58.287774+00,2025-10-12 01:53:58.287774+00
f0e86856-38a7-4b9b-9853-8600934d693f,faa2ce97-f51f-4379-a198-94f71aacc514,drywall,Drywall Finishing & Texture,2,345.89,SURG77U,4,125.69,6,119.69,139,FALSE,2025-10-12 01:53:58.480589+00,2025-10-12 01:53:58.480589+00
1f8f1a0d-60b8-4d8f-b97d-273cf6942796,faa2ce97-f51f-4379-a198-94f71aacc514,exterior,"Exterior Stairs, Landing",4125.69,1987.45,FLRMT00D,6113.14,4125.69,1987.45,2138.24,122,FALSE,2025-10-12 02:21:22.655502+00,2025-10-12 02:21:22.655502+00
fb2c31c0-b863-4935-8e79-08c4d6aaf1a1,8a1449f9-6f73-40ea-9df0-47d7529f83a1,utilities-septic,"Gas: Permit, Connection Fee, Hookup",0,0,,0,0,0,0,51,FALSE,2025-10-30 00:46:52.103685+00,2025-10-30 00:46:52.103685+00
8ba339c2-48b6-4859-b387-3eda8be08485,8a1449f9-6f73-40ea-9df0-47d7529f83a1,utilities-septic,"LPN: Tank Installation, Hookup",0,0,,0,0,0,0,52,FALSE,2025-10-30 00:46:52.103685+00,2025-10-30 00:46:52.103685+00
cf093405-c08a-41de-b3d7-b9be86791b5c,8a1449f9-6f73-40ea-9df0-47d7529f83a1,utilities-septic,Oil Tank Installation,0,0,,0,0,0,0,53,FALSE,2025-10-30 00:46:52.103685+00,2025-10-30 00:46:52.103685+00
0b81965b-dd24-4bdb-9529-b28c28d39040,faa2ce97-f51f-4379-a198-94f71aacc514,concrete-slabs,Patios,2548.74,1254.87,CEILIN33G,3803.61,2548.74,1254.87,1293.87,125,FALSE,2025-10-12 01:53:55.252809+00,2025-10-12 01:53:55.252809+00
68be60a5-29ec-4c65-8307-04c37483b94d,faa2ce97-f51f-4379-a198-94f71aacc514,exterior,Masonry Chimneys,1,254.87,DRYINS44H,2,345.89,3,342.89,126,FALSE,2025-10-12 01:53:55.392288+00,2025-10-12 01:53:55.392288+00
596df7df-4192-44a7-9b20-2713b9b3fb17,faa2ce97-f51f-4379-a198-94f71aacc514,exterior,Fireplaces/Hearths,2,345.89,FINISH55I,4,125.69,6,119.69,127,FALSE,2025-10-12 01:53:55.539438+00,2025-10-12 01:53:55.539438+00
189cf248-07c4-4467-b807-4f9132417df7,faa2ce97-f51f-4379-a198-94f71aacc514,site-prep-excavation,Finish Grading,3154.87,2548.74,WALLS43F,5703.61,3154.87,2548.74,606.13,53,FALSE,2025-10-12 01:53:42.837627+00,2025-10-12 01:53:42.837627+00
fe745a3e-e063-4970-b631-944be9265e66,faa2ce97-f51f-4379-a198-94f71aacc514,concrete-slabs,Driveway,4125.69,1987.45,ITM66J,6113.14,4125.69,1987.45,2138.24,128,FALSE,2025-10-12 01:53:55.981504+00,2025-10-12 01:53:55.981504+00
368e2d64-05cf-4237-bc8d-e981a7a8dcaa,faa2ce97-f51f-4379-a198-94f71aacc514,concrete-slabs,"Slabs: Foundation, Basement, Garage",1500,2000,Test Underslab Vendor,3500,5000,2500,2500,58,FALSE,2025-10-12 02:21:14.844586+00,2025-10-12 02:21:14.844586+00
0f1df890-7054-4c53-b87a-8f6cace75815,faa2ce97-f51f-4379-a198-94f71aacc514,concrete-slabs,Walkways,1,987.45,ITL77K,3,154.87,5,149.87,129,FALSE,2025-10-12 01:53:56.129676+00,2025-10-12 01:53:56.129676+00
93ad07b2-b222-456f-995a-32b88df5659d,faa2ce97-f51f-4379-a198-94f71aacc514,exterior,Windows/Exterior Doors,3154.87,2548.74,PAINT88L,5703.61,3154.87,2548.74,606.13,130,FALSE,2025-10-12 01:53:56.301613+00,2025-10-12 01:53:56.301613+00
22d8bd65-78b8-4dfa-8917-031e3abe6e92,faa2ce97-f51f-4379-a198-94f71aacc514,rough-framing,"Sheathing, Subflooring",3154.87,2548.74,DRYWAL87D,5703.61,3154.87,2548.74,606.13,76,FALSE,2025-10-12 02:21:17.299402+00,2025-10-12 02:21:17.299402+00
8597f139-82a6-4cdb-b172-bb5f3acb88e0,faa2ce97-f51f-4379-a198-94f71aacc514,rough-framing,"Nails, Screws, Fasteners",4125.69,1987.45,DRIP21H,6113.14,4125.69,1987.45,2138.24,80,FALSE,2025-10-12 02:21:17.753483+00,2025-10-12 02:21:17.753483+00
a29fa561-d9fe-46e0-adba-0f902e14f188,faa2ce97-f51f-4379-a198-94f71aacc514,roofing,Roofing Installation,1,987.45,GAS98O,3,154.87,5,149.87,87,FALSE,2025-10-12 01:53:48.1949+00,2025-10-12 01:53:48.1949+00
787dd8a5-bf38-4420-b358-81abba4da34c,faa2ce97-f51f-4379-a198-94f71aacc514,roofing,Gutters & Downspouts,3154.87,2548.74,WATER10P,5703.61,3154.87,2548.74,606.13,88,FALSE,2025-10-12 01:53:48.379757+00,2025-10-12 01:53:48.379757+00
7a6c830b-ce5c-4dfc-b6df-80c0623c2471,faa2ce97-f51f-4379-a198-94f71aacc514,roofing,Skylights,2548.74,1254.87,WH21Q,3803.61,2548.74,1254.87,1293.87,89,FALSE,2025-10-12 01:53:48.761535+00,2025-10-12 01:53:48.761535+00
459304f4-df14-42db-9cc7-ee4baacebfe3,faa2ce97-f51f-4379-a198-94f71aacc514,roofing,Ridge and roof vents,1,254.87,FIXT32R,2,345.89,3,342.89,90,FALSE,2025-10-12 01:53:48.891167+00,2025-10-12 01:53:48.891167+00
86bfd8a3-34b3-4536-99db-9a4494cb8c77,faa2ce97-f51f-4379-a198-94f71aacc514,plumbing-rough,Drain/Waste/Vent,2,345.89,FAUC43S,4,125.69,6,119.69,91,FALSE,2025-10-12 01:53:49.014774+00,2025-10-12 01:53:49.014774+00
61e9f816-7792-4fb5-a89d-681b5999c052,faa2ce97-f51f-4379-a198-94f71aacc514,trim-carpentry,Interior Doors,2548.74,1254.87,PUNCH99M,3803.61,2548.74,1254.87,1293.87,131,FALSE,2025-10-12 01:53:56.447536+00,2025-10-12 01:53:56.447536+00
98e152cd-bf49-4dac-93bb-e461e7c7d776,8a1449f9-6f73-40ea-9df0-47d7529f83a1,rough-framing,All Inclusive,0,0,,35000,0,0,0,0,FALSE,2025-10-30 00:48:00.433861+00,2025-10-30 00:48:00.433861+00
a061651d-8850-480a-9ea5-0757ffec3ee9,faa2ce97-f51f-4379-a198-94f71aacc514,trim-carpentry,Closets & Built-ins,1,254.87,EROSION00N,2,345.89,3,342.89,132,FALSE,2025-10-12 01:53:56.871351+00,2025-10-12 01:53:56.871351+00
4a1f6367-0297-461f-9125-76320a6b1794,8a1449f9-6f73-40ea-9df0-47d7529f83a1,rough-framing,Exterior Insulation Coating/Protection,400,300,Insulation Co,700,0,0,0,69,FALSE,2025-10-30 00:48:00.433861+00,2025-10-30 00:48:00.433861+00
e8b442dd-1397-421a-ad52-da0bf01d41c8,8a1449f9-6f73-40ea-9df0-47d7529f83a1,rough-framing,Sill & Seal,200,300,Framing Crew,500,0,0,0,70,FALSE,2025-10-30 00:48:00.433861+00,2025-10-30 00:48:00.433861+00
4d68795c-3516-4ef1-8eae-d22d2fafd9f6,8a1449f9-6f73-40ea-9df0-47d7529f83a1,rough-framing,"Steel/Wood Carrying Beam, Lolly columns",1500,1000,Structural Steel,2500,0,0,0,71,FALSE,2025-10-30 00:48:00.433861+00,2025-10-30 00:48:00.433861+00
5935b28c-83db-46ed-b32d-120c40e9efb1,8a1449f9-6f73-40ea-9df0-47d7529f83a1,rough-framing,Floor Framing,6000,8000,Framing Crew,14000,0,0,0,72,FALSE,2025-10-30 00:48:00.433861+00,2025-10-30 00:48:00.433861+00
b6a329c9-6307-4444-9a15-8f642aea7280,8a1449f9-6f73-40ea-9df0-47d7529f83a1,utilities-septic,Telecom Hookup,150,100,Cable/Internet Co,250,250,250,0,54,FALSE,2025-10-30 00:46:52.103685+00,2025-10-30 00:46:52.103685+00
2ee95688-3f34-49a5-9555-e371570ebdd9,faa2ce97-f51f-4379-a198-94f71aacc514,pre-construction,Modular home delivery,4,125.69,MOD99G,1,987.45,6,981.45,164,FALSE,2025-10-12 01:54:03.809579+00,2025-10-12 01:54:03.809579+00
5ddd630d-cacf-4ebd-ab30-40894dd957ca,faa2ce97-f51f-4379-a198-94f71aacc514,pre-construction,Crane rental and setup,1,987.45,CRANE00H,3,154.87,5,149.87,165,FALSE,2025-10-12 01:54:03.959673+00,2025-10-12 01:54:03.959673+00
3b3e94bc-ce31-4fd1-8550-0e14354605c6,faa2ce97-f51f-4379-a198-94f71aacc514,pre-construction,Modular home placement,3,154.87,PLACE11I,2,548.74,5,543.74,166,FALSE,2025-10-12 01:54:04.210713+00,2025-10-12 01:54:04.210713+00
bff23084-1ad6-4aa7-96f5-68c5bcf98403,8a1449f9-6f73-40ea-9df0-47d7529f83a1,foundation,"LPN: Tank Installation, Hookup",0,0,,0,0,0,0,52,FALSE,2025-10-30 00:47:00.954316+00,2025-10-30 00:47:00.954316+00
24401a68-5de8-45a9-83b8-d8ea6502e241,8a1449f9-6f73-40ea-9df0-47d7529f83a1,foundation,Oil Tank Installation,0,0,,0,0,0,0,53,FALSE,2025-10-30 00:47:00.954316+00,2025-10-30 00:47:00.954316+00
d5557ee0-44fe-49c0-9ce9-e75efa7f64f7,8a1449f9-6f73-40ea-9df0-47d7529f83a1,foundation,Telecom Hookup,0,0,,0,0,0,0,54,FALSE,2025-10-30 00:47:00.954316+00,2025-10-30 00:47:00.954316+00
82349336-57bf-46f2-9fe5-ce2cb022898d,faa2ce97-f51f-4379-a198-94f71aacc514,utilities-septic,"Well, Pump, Trenching, Plumbing To House, Pressure Tank",100,300,"Vendor-Well, Pump, Trenching, Plumbing To House, Pressure Tank",400,550,150,400,28,FALSE,2025-10-12 02:33:44.181333+00,2025-10-12 02:33:44.181333+00
1a9f510a-6ed6-46a9-987f-42dd6f0dd2c0,faa2ce97-f51f-4379-a198-94f71aacc514,electrical-rough,Final construction cleaning & debris haul-off,3154.87,2548.74,PLACE11I,5703.61,3154.87,2548.74,606.13,153,FALSE,2025-10-12 01:54:01.528372+00,2025-10-12 01:54:01.528372+00
f70ebc0c-0c93-4639-abb1-b196f4bf5ea2,faa2ce97-f51f-4379-a198-94f71aacc514,trim-carpentry,Window treatments allowance (blinds/shades),3,154.87,WINDT00X,2,548.74,5,543.74,154,FALSE,2025-10-12 01:54:01.704368+00,2025-10-12 01:54:01.704368+00
a2ba0566-7b21-4a72-a8a1-7c46f50f254e,faa2ce97-f51f-4379-a198-94f71aacc514,final-touches,Water softener / whole-house filtration,2,548.74,SOFT11Y,1,254.87,3,251.87,155,FALSE,2025-10-12 01:54:02.022297+00,2025-10-12 01:54:02.022297+00
02466498-149b-4591-96b7-604f5426c812,faa2ce97-f51f-4379-a198-94f71aacc514,foundation,"Anchor Bolts, Hold Downs",100,300,"Vendor-Anchor Bolts, Hold Downs",400,550,150,400,60,FALSE,2025-10-12 02:33:52.457218+00,2025-10-12 02:33:52.457218+00
1cf67795-3e9d-437c-8496-c3fa611faabc,faa2ce97-f51f-4379-a198-94f71aacc514,exterior,"Weather Barrier (Tyvek, etc.)",100,300,"Vendor-Weather Barrier (Tyvek, etc.)",400,550,150,400,115,FALSE,2025-10-12 02:34:06.480891+00,2025-10-12 02:34:06.480891+00
5a623536-e798-4dc5-bfa3-9180a646b3fa,faa2ce97-f51f-4379-a198-94f71aacc514,utilities-septic,"Gas: Permit, Connection Fee, Hookup",100,300,"Vendor-Gas: Permit, Connection Fee, Hookup",400,550,150,400,33,FALSE,2025-10-12 02:33:45.785246+00,2025-10-12 02:33:45.785246+00
6f223525-8bb1-4215-9d8d-545f4594c2c2,faa2ce97-f51f-4379-a198-94f71aacc514,exterior,"Fascia, Soffit, Frieze, Corner Boards, Water Table",100,300,"Vendor-Fascia, Soffit, Frieze, Corner Boards, Water Table",400,550,150,400,118,FALSE,2025-10-12 02:34:07.053925+00,2025-10-12 02:34:07.053925+00
4068463e-e344-41a9-afd4-dbecf34a00cd,faa2ce97-f51f-4379-a198-94f71aacc514,flooring,Smart-home automation hub / controls,1,254.87,SMART22Z,2,345.89,3,342.89,156,FALSE,2025-10-12 01:54:02.211057+00,2025-10-12 01:54:02.211057+00
e2efd852-383f-4847-a8a6-29d86d6ad63a,faa2ce97-f51f-4379-a198-94f71aacc514,foundation,Termite or pest pretreatment (pre-slab),2,345.89,GARF33A,4,125.69,6,119.69,145,FALSE,2025-10-12 01:53:59.933539+00,2025-10-12 01:53:59.933539+00
b9f0723e-972a-4415-8695-74fd1c52d297,faa2ce97-f51f-4379-a198-94f71aacc514,final-touches,Garage floor coating / sealer,2,345.89,GARF33A,4,125.69,6,119.69,157,FALSE,2025-10-12 01:54:02.470365+00,2025-10-12 01:54:02.470365+00
e610230f-0f78-4f91-9d2d-5cf62f323632,faa2ce97-f51f-4379-a198-94f71aacc514,under-slab-services,Radon mitigation rough-in and fan assembly,4125.69,1987.45,POST44B,6113.14,4125.69,1987.45,2138.24,146,FALSE,2025-10-12 01:54:00.151483+00,2025-10-12 01:54:00.151483+00
9b02096d-51f5-42cb-89be-48b41a161f83,faa2ce97-f51f-4379-a198-94f71aacc514,utilities-septic,"LPN: Tank Installation, Hookup",100,300,"Vendor-LPN: Tank Installation, Hookup",400,550,150,400,34,FALSE,2025-10-12 02:33:46.374994+00,2025-10-12 02:33:46.374994+00
b5342724-1809-42d1-b0df-94c43fb4a38d,faa2ce97-f51f-4379-a198-94f71aacc514,under-slab-services,Concrete pump truck / placement services,1987.45,1500,Test,1500,5000,1500,3500,147,FALSE,2025-10-12 01:54:00.295414+00,2025-10-12 01:54:00.295414+00
d181f854-09c3-42c3-b9df-79dfd1f317d9,faa2ce97-f51f-4379-a198-94f71aacc514,concrete-slabs,Garage doors and automatic openers,3154.87,2548.74,ICF55C,5703.61,3154.87,2548.74,606.13,148,FALSE,2025-10-12 01:54:00.465396+00,2025-10-12 01:54:00.465396+00
7ba403c6-6a71-4a0d-aa80-2a1c6143c239,faa2ce97-f51f-4379-a198-94f71aacc514,pre-construction,Post frame structure materials,4,125.69,POST44B,1,987.45,6,981.45,158,FALSE,2025-10-12 01:54:02.633065+00,2025-10-12 01:54:02.633065+00
2d8e10bb-c610-4189-b965-b923dba60f21,faa2ce97-f51f-4379-a198-94f71aacc514,exterior,Whole-house ventilation (ERV/HRV or fresh-air system),2548.74,1254.87,ICFW66D,3803.61,2548.74,1254.87,1293.87,149,FALSE,2025-10-12 01:54:00.612852+00,2025-10-12 01:54:00.612852+00
b6b6fe9c-7273-4a68-a99c-2ebec3aea83c,faa2ce97-f51f-4379-a198-94f71aacc514,pre-construction,ICF forms and materials,3,154.87,ICF55C,2,548.74,5,543.74,160,FALSE,2025-10-12 01:54:03.122387+00,2025-10-12 01:54:03.122387+00
4b422907-a106-4f3e-bcae-c9e96d45a7da,faa2ce97-f51f-4379-a198-94f71aacc514,kitchen-bath,"Fixtures: Toilets, Tubs, Sinks, Showers",100,300,"Vendor-Fixtures: Toilets, Tubs, Sinks, Showers",400,550,150,400,95,FALSE,2025-10-12 02:34:00.123192+00,2025-10-12 02:34:00.123192+00
b3b2f4a6-df6a-49f4-915e-76a9866ba9fa,faa2ce97-f51f-4379-a198-94f71aacc514,electrical-rough,"Phone, Cable, Internet Wiring",100,300,"Vendor-Phone, Cable, Internet Wiring",400,550,150,400,100,FALSE,2025-10-12 02:34:01.480084+00,2025-10-12 02:34:01.480084+00
8804ea0b-2198-4c00-9c3a-2af56fdc7843,faa2ce97-f51f-4379-a198-94f71aacc514,plumbing-rough,Whole-house surge protection,4125.69,1987.45,MOD99G,6113.14,4125.69,1987.45,2138.24,151,FALSE,2025-10-12 01:54:01.199539+00,2025-10-12 01:54:01.199539+00
d1b5ad8a-c302-40f3-a859-d1ba9e7ec533,faa2ce97-f51f-4379-a198-94f71aacc514,electrical-rough,Closet shelving / storage systems,1,987.45,CRANE00H,3,154.87,5,149.87,152,FALSE,2025-10-12 01:54:01.368525+00,2025-10-12 01:54:01.368525+00
4c25658d-e30b-4bd7-8ac0-22b23a35463b,faa2ce97-f51f-4379-a198-94f71aacc514,pre-construction,Concrete for ICF walls,2,548.74,ICFW66D,1,254.87,3,251.87,161,FALSE,2025-10-12 01:54:03.30329+00,2025-10-12 01:54:03.30329+00
a7e83956-39fe-4576-8541-76b7e16760af,faa2ce97-f51f-4379-a198-94f71aacc514,pre-construction,SIP panels and materials,1,254.87,SIP77E,2,345.89,3,342.89,162,FALSE,2025-10-12 01:54:03.48973+00,2025-10-12 01:54:03.48973+00
733f9a37-76b6-4c60-803a-1eefaca9c286,faa2ce97-f51f-4379-a198-94f71aacc514,pre-construction,SIP panel installation labor,2,345.89,SIPL88F,4,125.69,6,119.69,163,FALSE,2025-10-12 01:54:03.659885+00,2025-10-12 01:54:03.659885+00
472afefb-8855-4440-98f9-7ffb6c2feb5e,8a1449f9-6f73-40ea-9df0-47d7529f83a1,foundation,Rough Grading,0,500,Grading Services,500,500,500,0,26,FALSE,2025-10-30 00:47:00.954316+00,2025-10-30 00:47:00.954316+00
86f4f8c5-66b4-42aa-b44b-d09a7615dc10,8a1449f9-6f73-40ea-9df0-47d7529f83a1,foundation,Footings/Pads,2000,2500,Foundation Masters,4500,4500,4500,0,55,FALSE,2025-10-30 00:47:00.954316+00,2025-10-30 00:47:00.954316+00
d3d054ca-c71b-40af-beba-6c509e6f0f47,8a1449f9-6f73-40ea-9df0-47d7529f83a1,foundation,Steel Reinforcing,1500,0,Steel Supply,1500,1500,1500,0,57,FALSE,2025-10-30 00:47:00.954316+00,2025-10-30 00:47:00.954316+00
b846d423-fe21-492c-a1a0-85ee7d0f7a35,8a1449f9-6f73-40ea-9df0-47d7529f83a1,foundation,"Anchor Bolts, Hold Downs",300,200,Hardware Supply,500,500,500,0,58,FALSE,2025-10-30 00:47:00.954316+00,2025-10-30 00:47:00.954316+00
280db6df-33e8-4897-9377-723159369595,8a1449f9-6f73-40ea-9df0-47d7529f83a1,foundation,Sub-Slab Vapor Barrier,400,300,Foundation Masters,700,700,700,0,60,FALSE,2025-10-30 00:47:00.954316+00,2025-10-30 00:47:00.954316+00
1681ee23-1a85-4af0-b665-e13138f9dfc0,8a1449f9-6f73-40ea-9df0-47d7529f83a1,foundation,Crawlspace Vapor Barrier,300,200,Foundation Masters,500,500,500,0,61,FALSE,2025-10-30 00:47:00.954316+00,2025-10-30 00:47:00.954316+00
9688f37a-fdd7-4987-ae50-4750c56a9c15,8a1449f9-6f73-40ea-9df0-47d7529f83a1,foundation,Crawlspace Vents,200,150,HVAC Supply,350,350,350,0,62,FALSE,2025-10-30 00:47:00.954316+00,2025-10-30 00:47:00.954316+00
2c5a4846-bf6b-4854-bb76-1be5e49df73c,8a1449f9-6f73-40ea-9df0-47d7529f83a1,foundation,Sump Pump,400,300,Plumbing Supply,700,700,700,0,63,FALSE,2025-10-30 00:47:00.954316+00,2025-10-30 00:47:00.954316+00
b785897e-7b01-4b25-b5f1-0620731b291b,8a1449f9-6f73-40ea-9df0-47d7529f83a1,foundation,Foundation Windows,800,400,Window Supply,1200,1200,1200,0,64,FALSE,2025-10-30 00:47:00.954316+00,2025-10-30 00:47:00.954316+00
a8c96add-af2a-4bfb-ab30-97a8d5cb48ab,8a1449f9-6f73-40ea-9df0-47d7529f83a1,foundation,"Dampproofing, Waterproofing",600,800,Waterproofing Pro,1400,1400,1400,0,65,FALSE,2025-10-30 00:47:00.954316+00,2025-10-30 00:47:00.954316+00
7bff0097-1f64-4429-9336-4f76adf1ee4b,8a1449f9-6f73-40ea-9df0-47d7529f83a1,foundation,Slab insulation: Edge/Below,800,400,Insulation Co,1200,1200,1200,0,66,FALSE,2025-10-30 00:47:00.954316+00,2025-10-30 00:47:00.954316+00
58326879-272c-49fc-b391-267fd04a4761,8a1449f9-6f73-40ea-9df0-47d7529f83a1,foundation,Foundation Drain Board,400,300,Foundation Masters,700,700,700,0,67,FALSE,2025-10-30 00:47:00.954316+00,2025-10-30 00:47:00.954316+00
256c3297-fbb7-4174-85d1-2670cae0d5b7,8a1449f9-6f73-40ea-9df0-47d7529f83a1,roofing,"Prep for Plaster, Drywall",0,0,,0,0,0,0,80,FALSE,2025-10-30 00:49:41.78172+00,2025-10-30 00:49:41.78172+00
c48b77fa-ed12-4220-9b9e-42b30d5c3a40,8a1449f9-6f73-40ea-9df0-47d7529f83a1,roofing,Membrane,800,600,Roofing Supply,1400,0,0,0,82,FALSE,2025-10-30 00:49:41.78172+00,2025-10-30 00:49:41.78172+00
b2660819-1702-49f7-ba9e-e73787ce5db2,8a1449f9-6f73-40ea-9df0-47d7529f83a1,roofing,Underlayment,600,400,Roofing Supply,1000,0,0,0,81,FALSE,2025-10-30 00:49:41.78172+00,2025-10-30 00:49:41.78172+00
d50dc6f9-aee4-4dd2-bc1a-1c63e8a7cbee,8a1449f9-6f73-40ea-9df0-47d7529f83a1,roofing,"Flashing: Chimney, Vent Pipes, Sidewalls, Other Penetrations",400,500,Roofers Pro,900,0,0,0,83,FALSE,2025-10-30 00:49:41.78172+00,2025-10-30 00:49:41.78172+00
3a0202f2-278a-4447-8fd2-53a6f0b41155,8a1449f9-6f73-40ea-9df0-47d7529f83a1,roofing,Roofing Installation,4000,5000,Roofers Pro,9000,0,0,0,86,FALSE,2025-10-30 00:49:41.78172+00,2025-10-30 00:49:41.78172+00
b6c85fc4-80d6-4f9f-8891-7ce212fa95f1,8a1449f9-6f73-40ea-9df0-47d7529f83a1,roofing,Drip Edge,200,150,Roofing Supply,350,0,0,0,84,FALSE,2025-10-30 00:49:41.78172+00,2025-10-30 00:49:41.78172+00
7bebd6d1-65a1-497d-b48a-4df0e9a607c9,8a1449f9-6f73-40ea-9df0-47d7529f83a1,roofing,Gutters & Downspouts,800,600,Gutter Specialists,1400,0,0,0,85,FALSE,2025-10-30 00:49:41.78172+00,2025-10-30 00:49:41.78172+00
0b693340-570a-4b87-8366-637d532be360,8a1449f9-6f73-40ea-9df0-47d7529f83a1,exterior,All Inclusive,0,0,,20000,0,0,0,0,FALSE,2025-10-30 00:49:55.150837+00,2025-10-30 00:49:55.150837+00
a26c8b8f-29a7-4210-819d-c4c1bbddecd7,8a1449f9-6f73-40ea-9df0-47d7529f83a1,exterior,"Housewrap, Tyvek",400,300,Building Supply,700,0,0,0,111,FALSE,2025-10-30 00:49:55.150837+00,2025-10-30 00:49:55.150837+00
fc6b71b6-8e1d-4497-852e-e73cd23ade8d,8a1449f9-6f73-40ea-9df0-47d7529f83a1,exterior,Siding Material,5000,0,Siding Supply,5000,0,0,0,112,FALSE,2025-10-30 00:49:55.150837+00,2025-10-30 00:49:55.150837+00
7eb297ca-4cf5-467f-8e77-97a131648f39,8a1449f9-6f73-40ea-9df0-47d7529f83a1,exterior,Siding Installation,0,6000,Siding Contractors,6000,0,0,0,113,FALSE,2025-10-30 00:49:55.150837+00,2025-10-30 00:49:55.150837+00
5486002e-e4c9-4e52-ae66-7c6df851f223,8a1449f9-6f73-40ea-9df0-47d7529f83a1,exterior,Brick/Stone Veneer,0,0,,0,0,0,0,114,FALSE,2025-10-30 00:49:55.150837+00,2025-10-30 00:49:55.150837+00
c08030dc-cb94-4412-b9be-175df9574e5c,8a1449f9-6f73-40ea-9df0-47d7529f83a1,exterior,Exterior Trim,1200,1800,Trim Carpenters,3000,0,0,0,115,FALSE,2025-10-30 00:49:55.150837+00,2025-10-30 00:49:55.150837+00
dea6c808-0553-491f-9300-97f5bfa5d326,8a1449f9-6f73-40ea-9df0-47d7529f83a1,exterior,Soffit and Fascia,800,1000,Siding Contractors,1800,0,0,0,116,FALSE,2025-10-30 00:49:55.150837+00,2025-10-30 00:49:55.150837+00
e2361de0-70e6-4dcb-82eb-833adca2e6c7,8a1449f9-6f73-40ea-9df0-47d7529f83a1,exterior,Entry Doors,1500,500,Door Supply,2000,0,0,0,117,FALSE,2025-10-30 00:49:55.150837+00,2025-10-30 00:49:55.150837+00
95f1326e-915c-4e2a-b096-33e381590f82,8a1449f9-6f73-40ea-9df0-47d7529f83a1,exterior,Windows,6000,2000,Window Supply,8000,0,0,0,118,FALSE,2025-10-30 00:49:55.150837+00,2025-10-30 00:49:55.150837+00
29b2aecd-afc2-429a-b677-b7fbe060d81d,8a1449f9-6f73-40ea-9df0-47d7529f83a1,exterior,"Doors, Interior",0,0,,0,0,0,0,119,FALSE,2025-10-30 00:49:55.150837+00,2025-10-30 00:49:55.150837+00
cd87f4b8-037e-41fb-b632-841e6d772d3f,8a1449f9-6f73-40ea-9df0-47d7529f83a1,exterior,Chimney,0,0,,0,0,0,0,126,FALSE,2025-10-30 00:49:55.150837+00,2025-10-30 00:49:55.150837+00
cea5b506-d96d-4528-be2a-5a15e80e30fc,8a1449f9-6f73-40ea-9df0-47d7529f83a1,exterior,Garage Door,1200,500,Garage Door Co,1700,0,0,0,122,FALSE,2025-10-30 00:49:55.150837+00,2025-10-30 00:49:55.150837+00
c0c9cfe7-b5d1-46c7-8c1e-a6bc58994964,8a1449f9-6f73-40ea-9df0-47d7529f83a1,exterior,Garage Door Opener,400,200,Garage Door Co,600,0,0,0,123,FALSE,2025-10-30 00:49:55.150837+00,2025-10-30 00:49:55.150837+00
5f20bc29-562d-4d91-b99e-1151072abeb3,8a1449f9-6f73-40ea-9df0-47d7529f83a1,exterior,Screened Porch,0,0,,0,0,0,0,142,FALSE,2025-10-30 00:49:55.150837+00,2025-10-30 00:49:55.150837+00
0f0770d2-7cda-4736-a999-f7283e482450,8a1449f9-6f73-40ea-9df0-47d7529f83a1,exterior,Closet Shelving,0,0,,0,0,0,0,120,FALSE,2025-10-30 00:49:55.150837+00,2025-10-30 00:49:55.150837+00
ec32d4a8-252b-485a-b017-f92389c02457,8a1449f9-6f73-40ea-9df0-47d7529f83a1,plumbing-rough,All Inclusive,0,0,,8000,0,0,0,0,FALSE,2025-10-30 00:50:04.905747+00,2025-10-30 00:50:04.905747+00
0f4e6215-5c3d-41bb-b0cf-a9a5066fd5fc,8a1449f9-6f73-40ea-9df0-47d7529f83a1,plumbing-rough,Skylights,0,0,,0,0,0,0,88,FALSE,2025-10-30 00:50:04.905747+00,2025-10-30 00:50:04.905747+00
dd59ce6a-6589-40d4-92f2-f1d3954b51db,8a1449f9-6f73-40ea-9df0-47d7529f83a1,plumbing-rough,Drain/Waste/Vent,1200,2000,Plumbers Inc,3200,0,0,0,89,FALSE,2025-10-30 00:50:04.905747+00,2025-10-30 00:50:04.905747+00
4f0f2a6c-9721-42bf-9e1c-152e63061c8e,8a1449f9-6f73-40ea-9df0-47d7529f83a1,plumbing-rough,Water Supply Piping,800,1500,Plumbers Inc,2300,0,0,0,90,FALSE,2025-10-30 00:50:04.905747+00,2025-10-30 00:50:04.905747+00
fe61f5eb-a337-4947-9601-ac007494e4b4,8a1449f9-6f73-40ea-9df0-47d7529f83a1,plumbing-rough,Gas Piping,400,600,Plumbers Inc,1000,0,0,0,91,FALSE,2025-10-30 00:50:04.905747+00,2025-10-30 00:50:04.905747+00
f0cb1220-2c90-47a4-95f7-469f160679c5,8a1449f9-6f73-40ea-9df0-47d7529f83a1,electrical-rough,All Inclusive,0,0,,8000,0,0,0,0,FALSE,2025-10-30 00:50:16.485414+00,2025-10-30 00:50:16.485414+00
bd539d19-3c5c-4c3a-8476-d1173f0027d4,8a1449f9-6f73-40ea-9df0-47d7529f83a1,electrical-rough,"Service Panel, Sub-Panels",1200,800,Electric Supply,2000,0,0,0,95,FALSE,2025-10-30 00:50:16.485414+00,2025-10-30 00:50:16.485414+00
4201fdd0-7cf8-4ef6-a5d0-6b8607ef9f78,8a1449f9-6f73-40ea-9df0-47d7529f83a1,electrical-rough,Rough Wiring,1500,3000,Electricians Inc,4500,0,0,0,96,FALSE,2025-10-30 00:50:16.485414+00,2025-10-30 00:50:16.485414+00
280372ad-aa9f-4637-9089-cd28d8de094a,8a1449f9-6f73-40ea-9df0-47d7529f83a1,electrical-rough,"Phone, Cable, Internet Wiring",300,500,Low Voltage Tech,800,0,0,0,97,FALSE,2025-10-30 00:50:16.485414+00,2025-10-30 00:50:16.485414+00
b1fe470d-939e-4ead-b209-c24c297fe12f,8a1449f9-6f73-40ea-9df0-47d7529f83a1,electrical-rough,Security Wiring,200,400,Security Systems,600,0,0,0,144,FALSE,2025-10-30 00:50:16.485414+00,2025-10-30 00:50:16.485414+00
9e2a8738-8bb3-4d60-81f9-5b0e55423c34,8a1449f9-6f73-40ea-9df0-47d7529f83a1,electrical-rough,"Switches, Receptacles",0,0,,0,0,0,0,99,FALSE,2025-10-30 00:50:16.485414+00,2025-10-30 00:50:16.485414+00
9684bcf7-ebf0-48bd-8c83-ad668de9d295,8a1449f9-6f73-40ea-9df0-47d7529f83a1,electrical-rough,Smoke and CO Detectors,0,0,,0,0,0,0,98,FALSE,2025-10-30 00:50:16.485414+00,2025-10-30 00:50:16.485414+00
d654479e-bb5b-4789-b181-94f2f836eb11,8a1449f9-6f73-40ea-9df0-47d7529f83a1,electrical-rough,Lighting Fixtures,0,0,,0,0,0,0,100,FALSE,2025-10-30 00:50:16.485414+00,2025-10-30 00:50:16.485414+00
7d5ce9b1-d961-4aa1-8dda-04f32322d915,8a1449f9-6f73-40ea-9df0-47d7529f83a1,electrical-rough,Generator Hook-up,0,0,,0,0,0,0,145,FALSE,2025-10-30 00:50:16.485414+00,2025-10-30 00:50:16.485414+00
7b209f15-eb47-4f6e-8df2-0b6d38d24290,8a1449f9-6f73-40ea-9df0-47d7529f83a1,hvac-rough,All Inclusive,0,0,,10000,0,0,0,0,FALSE,2025-10-30 00:50:24.365434+00,2025-10-30 00:50:24.365434+00
459b9091-74ff-40bf-8874-690c21c53b0b,8a1449f9-6f73-40ea-9df0-47d7529f83a1,hvac-rough,Furnace,2500,1000,HVAC Supply,3500,0,0,0,101,FALSE,2025-10-30 00:50:24.365434+00,2025-10-30 00:50:24.365434+00
2cca1558-2ab5-4ca0-9471-50f9b8149ef4,8a1449f9-6f73-40ea-9df0-47d7529f83a1,hvac-rough,Air Conditioning,3000,1500,HVAC Supply,4500,0,0,0,102,FALSE,2025-10-30 00:50:24.365434+00,2025-10-30 00:50:24.365434+00
4513bf70-ee3f-406a-aed9-0ca7811807fe,8a1449f9-6f73-40ea-9df0-47d7529f83a1,hvac-rough,Ductwork,1200,2000,HVAC Contractors,3200,0,0,0,103,FALSE,2025-10-30 00:50:24.365434+00,2025-10-30 00:50:24.365434+00
860547dc-c939-4be1-b857-ef8830688bf8,8a1449f9-6f73-40ea-9df0-47d7529f83a1,hvac-rough,Venting,300,400,HVAC Contractors,700,0,0,0,104,FALSE,2025-10-30 00:50:24.365434+00,2025-10-30 00:50:24.365434+00
7278ee38-4e47-4c7a-848e-2713981c7855,8a1449f9-6f73-40ea-9df0-47d7529f83a1,hvac-rough,Fireplace,0,0,,0,0,0,0,143,FALSE,2025-10-30 00:50:24.365434+00,2025-10-30 00:50:24.365434+00
eb162ab5-de11-4f73-9784-d70d9f1eb0de,8a1449f9-6f73-40ea-9df0-47d7529f83a1,insulation,All Inclusive,0,0,,6000,0,0,0,0,FALSE,2025-10-30 00:50:31.233911+00,2025-10-30 00:50:31.233911+00
61faa02b-185b-4686-b262-ba987559c594,8a1449f9-6f73-40ea-9df0-47d7529f83a1,insulation,Wall and Ceiling Insulation,3000,2500,Insulation Co,5500,0,0,0,131,FALSE,2025-10-30 00:50:31.233911+00,2025-10-30 00:50:31.233911+00
a326c10d-cb94-45bb-8d75-9cd6a48a1870,8a1449f9-6f73-40ea-9df0-47d7529f83a1,insulation,Air Sealing,200,300,Insulation Co,500,0,0,0,132,FALSE,2025-10-30 00:50:31.233911+00,2025-10-30 00:50:31.233911+00
c177ab9c-de90-40b3-986c-91102884d454,8a1449f9-6f73-40ea-9df0-47d7529f83a1,drywall,All Inclusive,0,0,,8000,0,0,0,0,FALSE,2025-10-30 00:50:37.823525+00,2025-10-30 00:50:37.823525+00
aeff5d3c-66e8-4cc5-b700-a373cd129774,8a1449f9-6f73-40ea-9df0-47d7529f83a1,drywall,"Prep for Plaster, Drywall",200,0,Drywall Supply,200,0,0,0,78,FALSE,2025-10-30 00:50:37.823525+00,2025-10-30 00:50:37.823525+00
159f4ec9-fb4b-46de-aaad-d631bb6c4fba,8a1449f9-6f73-40ea-9df0-47d7529f83a1,drywall,"Drywall Installation, Taping, Finishing",2500,4500,Drywall Pros,7000,0,0,0,133,FALSE,2025-10-30 00:50:37.823525+00,2025-10-30 00:50:37.823525+00
dcda746a-2ece-4c1a-8c57-71fd0364965f,8a1449f9-6f73-40ea-9df0-47d7529f83a1,drywall,Texture,200,400,Drywall Pros,600,0,0,0,134,FALSE,2025-10-30 00:50:37.823525+00,2025-10-30 00:50:37.823525+00
37cd7d6a-636a-4092-8ad4-43be862b3a13,8a1449f9-6f73-40ea-9df0-47d7529f83a1,trim-carpentry,All Inclusive,0,0,,6000,0,0,0,0,FALSE,2025-10-30 00:50:48.220236+00,2025-10-30 00:50:48.220236+00
245ece40-8731-46b9-b0b7-4e30cd113974,8a1449f9-6f73-40ea-9df0-47d7529f83a1,trim-carpentry,"Interior Trim, Baseboards",1500,2000,Trim Supply,3500,0,0,0,127,FALSE,2025-10-30 00:50:48.220236+00,2025-10-30 00:50:48.220236+00
7f067c87-477f-45d9-b45b-0c18be784ea4,8a1449f9-6f73-40ea-9df0-47d7529f83a1,trim-carpentry,"Interior Doors, Closets",2000,1500,Door Supply,3500,0,0,0,128,FALSE,2025-10-30 00:50:48.220236+00,2025-10-30 00:50:48.220236+00
ea24c295-ecf2-4710-8c20-35bc10fa29c1,8a1449f9-6f73-40ea-9df0-47d7529f83a1,trim-carpentry,"Stairs, Railings",0,0,,0,0,0,0,129,FALSE,2025-10-30 00:50:48.220236+00,2025-10-30 00:50:48.220236+00
91271fb7-64bc-4476-b5b2-6c88d3dca41b,8a1449f9-6f73-40ea-9df0-47d7529f83a1,trim-carpentry,Built-ins,0,0,,0,0,0,0,135,FALSE,2025-10-30 00:50:48.220236+00,2025-10-30 00:50:48.220236+00
a64af467-6be1-4fe5-8063-88932a2cccd7,8a1449f9-6f73-40ea-9df0-47d7529f83a1,paint,All Inclusive,0,0,,5000,0,0,0,0,FALSE,2025-10-30 00:50:54.061807+00,2025-10-30 00:50:54.061807+00
ec027614-2b86-44d9-a377-34c2384b9fc8,8a1449f9-6f73-40ea-9df0-47d7529f83a1,paint,Interior Paint,1500,3000,Painters Inc,4500,0,0,0,136,FALSE,2025-10-30 00:50:54.061807+00,2025-10-30 00:50:54.061807+00
11ce8a84-a886-4dc3-b016-77f12088383e,8a1449f9-6f73-40ea-9df0-47d7529f83a1,flooring,All Inclusive,0,0,,12000,0,0,0,0,FALSE,2025-10-30 00:51:02.042295+00,2025-10-30 00:51:02.042295+00
c1bedd3b-bc50-4285-9ce1-459a8ebd0a76,8a1449f9-6f73-40ea-9df0-47d7529f83a1,flooring,Finish Flooring,6000,4000,Flooring Specialists,10000,0,0,0,130,FALSE,2025-10-30 00:51:02.042295+00,2025-10-30 00:51:02.042295+00
5b8dd053-e9bc-46fd-9401-3965f9758d52,8a1449f9-6f73-40ea-9df0-47d7529f83a1,kitchen-bath,All Inclusive,0,0,,25000,0,0,0,0,FALSE,2025-10-30 00:51:12.198638+00,2025-10-30 00:51:12.198638+00
99b509d9-42c3-4178-823b-77dffa823780,8a1449f9-6f73-40ea-9df0-47d7529f83a1,kitchen-bath,Water Treatment,0,0,,0,0,0,0,92,FALSE,2025-10-30 00:51:12.198638+00,2025-10-30 00:51:12.198638+00
f6cd176f-884f-4b39-8d54-2a4a51ec9ee1,8a1449f9-6f73-40ea-9df0-47d7529f83a1,kitchen-bath,Water Heater,800,500,Plumbing Supply,1300,0,0,0,93,FALSE,2025-10-30 00:51:12.198638+00,2025-10-30 00:51:12.198638+00
568705a7-3826-490a-ba54-ca6530d443c5,8a1449f9-6f73-40ea-9df0-47d7529f83a1,kitchen-bath,"Fixtures: Toilets, Tubs, Sinks, Showers",3000,1500,Plumbing Supply,4500,0,0,0,94,FALSE,2025-10-30 00:51:12.198638+00,2025-10-30 00:51:12.198638+00
ef91b5c8-0d31-413d-b494-c736e03f2dec,8a1449f9-6f73-40ea-9df0-47d7529f83a1,kitchen-bath,Kitchen Cabinets,8000,2000,Cabinet Makers,10000,0,0,0,105,FALSE,2025-10-30 00:51:12.198638+00,2025-10-30 00:51:12.198638+00
4b0ac355-df31-43ef-95b0-d27442708f50,8a1449f9-6f73-40ea-9df0-47d7529f83a1,kitchen-bath,Countertops,3500,1000,Stone Fabricators,4500,0,0,0,106,FALSE,2025-10-30 00:51:12.198638+00,2025-10-30 00:51:12.198638+00
0028340c-8ce6-4f05-9761-dbccc0014883,8a1449f9-6f73-40ea-9df0-47d7529f83a1,kitchen-bath,Bathroom Cabinets & Vanities,2000,800,Cabinet Supply,2800,0,0,0,107,FALSE,2025-10-30 00:51:12.198638+00,2025-10-30 00:51:12.198638+00
2a354d45-ed86-4a12-b157-8a0cdec36aa5,8a1449f9-6f73-40ea-9df0-47d7529f83a1,kitchen-bath,Appliances,4000,0,Appliance Store,4000,0,0,0,108,FALSE,2025-10-30 00:51:12.198638+00,2025-10-30 00:51:12.198638+00
dd54c954-8207-4136-bd69-8c95aa8cdbe9,8a1449f9-6f73-40ea-9df0-47d7529f83a1,kitchen-bath,Tile & Backsplash,1500,2000,Tile Setters,3500,0,0,0,109,FALSE,2025-10-30 00:51:12.198638+00,2025-10-30 00:51:12.198638+00
218c5544-bec9-4ebb-aa16-000b6c875bfc,8a1449f9-6f73-40ea-9df0-47d7529f83a1,kitchen-bath,"Mirrors, Shower Doors",800,400,Glass Shop,1200,0,0,0,110,FALSE,2025-10-30 00:51:12.198638+00,2025-10-30 00:51:12.198638+00
dfc1f19b-681f-4085-b347-aa18a55523c4,8a1449f9-6f73-40ea-9df0-47d7529f83a1,porches-decks,All Inclusive,0,0,,5000,0,0,0,0,FALSE,2025-10-30 00:51:19.977447+00,2025-10-30 00:51:19.977447+00
0a0a0bc2-b693-45ca-80f7-97a8ce32090e,8a1449f9-6f73-40ea-9df0-47d7529f83a1,porches-decks,"Doors, Interior",0,0,,0,0,0,0,119,FALSE,2025-10-30 00:51:19.977447+00,2025-10-30 00:51:19.977447+00
8aa9f3cd-62ad-4fe0-9f35-fba2707f6e95,8a1449f9-6f73-40ea-9df0-47d7529f83a1,porches-decks,Deck Footings,0,0,,0,0,0,0,121,FALSE,2025-10-30 00:51:19.977447+00,2025-10-30 00:51:19.977447+00
c8f01473-1cbc-4b13-b556-07f120a391e2,8a1449f9-6f73-40ea-9df0-47d7529f83a1,porches-decks,"Stairs, Railings",1500,2000,Deck Builders,3500,0,0,0,129,FALSE,2025-10-30 00:51:19.977447+00,2025-10-30 00:51:19.977447+00
40ae4896-fc42-412d-b46c-f11eae3e18f6,8a1449f9-6f73-40ea-9df0-47d7529f83a1,final-touches,All Inclusive,0,0,,3000,0,0,0,0,FALSE,2025-10-30 00:51:27.97159+00,2025-10-30 00:51:27.97159+00
d45bf9ad-16b6-4887-89b6-6e0f62a8060c,8a1449f9-6f73-40ea-9df0-47d7529f83a1,final-touches,Final Cleaning,0,500,Cleaning Service,500,0,0,0,137,FALSE,2025-10-30 00:51:27.97159+00,2025-10-30 00:51:27.97159+00
45408eba-c57a-46c1-89ec-397ecc401b35,8a1449f9-6f73-40ea-9df0-47d7529f83a1,final-touches,"Hardware, Bath Accessories",400,200,Hardware Supply,600,0,0,0,146,FALSE,2025-10-30 00:51:27.97159+00,2025-10-30 00:51:27.97159+00
6fff7860-d9bc-44b7-a46f-69c8d236dadf,8a1449f9-6f73-40ea-9df0-47d7529f83a1,final-touches,Window Treatments,800,300,Window Coverings,1100,0,0,0,147,FALSE,2025-10-30 00:51:27.97159+00,2025-10-30 00:51:27.97159+00
cb6e4c8f-c5be-49ac-a0ad-8e837977b7dc,af1045df-7e10-483f-9e49-ad14448b7069,pre-construction,All Inclusive,0,0,,5000,0,0,0,0,FALSE,2025-11-01 20:04:05.774843+00,2025-11-01 20:04:05.774843+00
66918e68-621d-4d08-9e6b-846ae1995a4b,af1045df-7e10-483f-9e49-ad14448b7069,pre-construction,Survey,500,300,ABC Surveying,800,850,850,0,1,FALSE,2025-11-01 20:04:05.774843+00,2025-11-01 20:04:05.774843+00
65476b99-a396-401a-aed4-118f4d5e4f31,af1045df-7e10-483f-9e49-ad14448b7069,pre-construction,Plans and Specifications,3000,2500,Smith Architects,5500,5800,5800,0,2,FALSE,2025-11-01 20:04:05.774843+00,2025-11-01 20:04:05.774843+00
c0b41574-1ca8-42bf-a7d2-f6cb9de01bf9,af1045df-7e10-483f-9e49-ad14448b7069,pre-construction,Plan Review,200,100,County Building,300,300,300,0,3,FALSE,2025-11-01 20:04:05.774843+00,2025-11-01 20:04:05.774843+00
86db4529-53e2-427e-b372-5f0a8ff773fd,af1045df-7e10-483f-9e49-ad14448b7069,pre-construction,Engineering Fees,1500,1000,Jones Engineering,2500,2400,2400,0,4,FALSE,2025-11-01 20:04:05.774843+00,2025-11-01 20:04:05.774843+00
92104bf2-f5b2-4944-b342-b0ef20793f81,af1045df-7e10-483f-9e49-ad14448b7069,pre-construction,"Permits: Zoning, Building, Environmental, Other",1200,0,County Building Dept,1200,1350,1350,0,5,FALSE,2025-11-01 20:04:05.774843+00,2025-11-01 20:04:05.774843+00
c7fe0643-efd1-4c33-93c6-a486b417f5e0,af1045df-7e10-483f-9e49-ad14448b7069,pre-construction,Impact Fee,500,0,County,500,500,500,0,6,FALSE,2025-11-01 20:04:05.774843+00,2025-11-01 20:04:05.774843+00
325ce8b3-b69f-40dc-84e6-00d745c9975e,af1045df-7e10-483f-9e49-ad14448b7069,pre-construction,Legal Fees,800,0,Brown Law,800,750,750,0,7,FALSE,2025-11-01 20:04:05.774843+00,2025-11-01 20:04:05.774843+00
b970722b-1f16-44dc-a6db-cc2907838ac7,af1045df-7e10-483f-9e49-ad14448b7069,pre-construction,Administrative Costs,300,0,,300,280,280,0,8,FALSE,2025-11-01 20:04:05.774843+00,2025-11-01 20:04:05.774843+00
e2edb4d3-98dc-4049-84e4-aece0293e052,af1045df-7e10-483f-9e49-ad14448b7069,pre-construction,Financing Costs,2000,0,First Bank,2000,2100,2100,0,9,FALSE,2025-11-01 20:04:05.774843+00,2025-11-01 20:04:05.774843+00
bfd34026-aec4-473b-8888-1996562ee77b,af1045df-7e10-483f-9e49-ad14448b7069,pre-construction,Insurance,1500,0,State Farm,1500,1650,1650,0,10,FALSE,2025-11-01 20:04:05.774843+00,2025-11-01 20:04:05.774843+00
b7572426-448a-4eed-856a-7d959bfce96d,af1045df-7e10-483f-9e49-ad14448b7069,site-prep-excavation,All Inclusive,0,0,,15000,0,0,0,0,FALSE,2025-11-01 20:04:34.685711+00,2025-11-01 20:04:34.685711+00
51747408-e3a6-4078-b6ba-b46615abb2c5,af1045df-7e10-483f-9e49-ad14448b7069,site-prep-excavation,Job-Site Access,500,1000,Driveway Co,1500,1650,1650,0,11,FALSE,2025-11-01 20:04:34.685711+00,2025-11-01 20:04:34.685711+00
f2efbde8-acd7-491c-a782-00961f463ce1,af1045df-7e10-483f-9e49-ad14448b7069,site-prep-excavation,Job-Site Security,200,0,Security Rental,200,240,240,0,12,FALSE,2025-11-01 20:04:34.685711+00,2025-11-01 20:04:34.685711+00
f2a3df6e-1796-4c6b-86c8-3e416f8a4239,af1045df-7e10-483f-9e49-ad14448b7069,site-prep-excavation,Clear Lot,0,2500,Land Clearing LLC,2500,2200,2200,0,14,FALSE,2025-11-01 20:04:34.685711+00,2025-11-01 20:04:34.685711+00
0381d903-a92a-4966-b716-fc12fdf6c697,af1045df-7e10-483f-9e49-ad14448b7069,site-prep-excavation,Dumpster & Removal,400,0,Waste Management,400,450,450,0,15,FALSE,2025-11-01 20:04:34.685711+00,2025-11-01 20:04:34.685711+00
5ed906a0-4c31-4fa3-b4f9-6a2062e39171,af1045df-7e10-483f-9e49-ad14448b7069,site-prep-excavation,Storage On Site,150,0,Storage Rental,150,150,150,0,16,FALSE,2025-11-01 20:04:34.685711+00,2025-11-01 20:04:34.685711+00
1046d4f0-2c0d-411b-8af3-6ee69912cb6e,af1045df-7e10-483f-9e49-ad14448b7069,site-prep-excavation,Portable Toilet,200,0,PortaPotty Inc,200,180,180,0,17,FALSE,2025-11-01 20:04:34.685711+00,2025-11-01 20:04:34.685711+00
087be742-a7c2-4497-9960-067b4d2d7224,af1045df-7e10-483f-9e49-ad14448b7069,site-prep-excavation,Temporary Power,300,200,Electric Co,500,550,550,0,18,FALSE,2025-11-01 20:04:34.685711+00,2025-11-01 20:04:34.685711+00
e8efce4d-7938-4da8-8915-238e6ef414c8,af1045df-7e10-483f-9e49-ad14448b7069,site-prep-excavation,Temporary Heat,100,0,,100,95,95,0,19,FALSE,2025-11-01 20:04:34.685711+00,2025-11-01 20:04:34.685711+00
0f9f5303-ed01-4441-af2d-8e628c5c40db,af1045df-7e10-483f-9e49-ad14448b7069,site-prep-excavation,Cut & Fill,0,3000,Excavation Pro,3000,3200,3200,0,20,FALSE,2025-11-01 20:04:34.685711+00,2025-11-01 20:04:34.685711+00
6cfd2f30-5a33-44c9-a18f-9db747c4a79a,af1045df-7e10-483f-9e49-ad14448b7069,site-prep-excavation,Blasting,0,0,,0,0,0,0,21,FALSE,2025-11-01 20:04:34.685711+00,2025-11-01 20:04:34.685711+00
204b7ada-52a9-4e40-b496-1037cc72cf6d,af1045df-7e10-483f-9e49-ad14448b7069,site-prep-excavation,Removal Of Stone/Dirt,500,1000,Excavation Pro,1500,1800,1800,0,22,FALSE,2025-11-01 20:04:34.685711+00,2025-11-01 20:04:34.685711+00
49b6a38e-cf4a-4556-847e-5f67b55cb711,af1045df-7e10-483f-9e49-ad14448b7069,site-prep-excavation,Rough Grading,0,2000,Grading Services,2000,1900,1900,0,23,FALSE,2025-11-01 20:04:34.685711+00,2025-11-01 20:04:34.685711+00
d5e17b4e-951d-4a26-bf07-97d4a9870655,af1045df-7e10-483f-9e49-ad14448b7069,site-prep-excavation,Trenching For Utility Hookups,200,800,Utility Trenching,1000,1100,1100,0,24,FALSE,2025-11-01 20:04:34.685711+00,2025-11-01 20:04:34.685711+00
b2119aae-859e-4393-b286-5a1001d72837,af1045df-7e10-483f-9e49-ad14448b7069,site-prep-excavation,Foundation Excavation,0,3500,Excavation Pro,3500,3400,3400,0,25,FALSE,2025-11-01 20:04:34.685711+00,2025-11-01 20:04:34.685711+00
e8187bde-3a4f-4176-b704-9be3b7d4eb91,af1045df-7e10-483f-9e49-ad14448b7069,site-prep-excavation,Foundation Footing Drains,400,600,Drainage Inc,1000,1050,1050,0,26,FALSE,2025-11-01 20:04:34.685711+00,2025-11-01 20:04:34.685711+00
15990189-456c-463b-acad-ccb75bcfff91,af1045df-7e10-483f-9e49-ad14448b7069,site-prep-excavation,Backfill,0,800,Excavation Pro,800,750,750,0,27,FALSE,2025-11-01 20:04:34.685711+00,2025-11-01 20:04:34.685711+00
cd9f304e-cedb-4fa2-9b29-c57597325daf,af1045df-7e10-483f-9e49-ad14448b7069,site-prep-excavation,Compaction,0,500,Excavation Pro,500,500,500,0,28,FALSE,2025-11-01 20:04:34.685711+00,2025-11-01 20:04:34.685711+00
799044e0-7e9f-4f64-80b4-e750012dce16,af1045df-7e10-483f-9e49-ad14448b7069,site-prep-excavation,Curtain Drains,300,700,Drainage Inc,1000,950,950,0,29,FALSE,2025-11-01 20:04:34.685711+00,2025-11-01 20:04:34.685711+00
50269adf-2f15-4597-9246-8b82d27f6bd4,af1045df-7e10-483f-9e49-ad14448b7069,site-prep-excavation,Swales,0,400,Grading Services,400,380,380,0,30,FALSE,2025-11-01 20:04:34.685711+00,2025-11-01 20:04:34.685711+00
23706835-dc5e-48ac-befe-242bc47d6b40,af1045df-7e10-483f-9e49-ad14448b7069,site-prep-excavation,Retaining Walls,2000,3000,Wall Masters,5000,5400,5400,0,31,FALSE,2025-11-01 20:04:34.685711+00,2025-11-01 20:04:34.685711+00
a48931c9-35d4-4890-ac47-4fe227a334cc,af1045df-7e10-483f-9e49-ad14448b7069,site-prep-excavation,Ponds,0,0,,0,0,0,0,32,FALSE,2025-11-01 20:04:34.685711+00,2025-11-01 20:04:34.685711+00
0e0d27de-fc16-4ad2-95de-9f2723c9a04d,af1045df-7e10-483f-9e49-ad14448b7069,site-prep-excavation,Other Site Drainage,0,0,,0,0,0,0,33,FALSE,2025-11-01 20:04:34.685711+00,2025-11-01 20:04:34.685711+00
02a14e34-1df7-4bd9-b006-96888bba634a,af1045df-7e10-483f-9e49-ad14448b7069,site-prep-excavation,Topsoil,800,400,Landscape Supply,1200,1150,1150,0,34,FALSE,2025-11-01 20:04:34.685711+00,2025-11-01 20:04:34.685711+00
50d0c75a-edff-4ffb-824c-8d77ac428f12,af1045df-7e10-483f-9e49-ad14448b7069,site-prep-excavation,Finish Grading,0,1500,Grading Services,1500,1600,1600,0,35,FALSE,2025-11-01 20:04:34.685711+00,2025-11-01 20:04:34.685711+00
54ee6d70-0e8e-460e-a1cc-bcff83e11515,af1045df-7e10-483f-9e49-ad14448b7069,utilities-septic,All Inclusive,0,0,,12000,0,0,0,0,FALSE,2025-11-01 20:04:43.871825+00,2025-11-01 20:04:43.871825+00
b48f5ccc-c0b9-4e9a-83ef-042796eb7b1d,af1045df-7e10-483f-9e49-ad14448b7069,utilities-septic,Soil & Perc Tests,300,200,Soil Testing Co,500,525,525,0,13,FALSE,2025-11-01 20:04:43.871825+00,2025-11-01 20:04:43.871825+00
47a4bb4b-9dcf-44c4-ad71-6e31eeebc7ac,af1045df-7e10-483f-9e49-ad14448b7069,utilities-septic,Septic System Design,500,300,Septic Design Inc,800,850,850,0,43,FALSE,2025-11-01 20:04:43.871825+00,2025-11-01 20:04:43.871825+00
79d71f56-b7ef-4d13-9d1f-76ca55cee261,af1045df-7e10-483f-9e49-ad14448b7069,utilities-septic,"Septic Permits, Inspections, Fees",350,0,County Health Dept,350,350,350,0,44,FALSE,2025-11-01 20:04:43.871825+00,2025-11-01 20:04:43.871825+00
6468b563-7aa9-4436-a5f9-0fd45d4d8f3b,af1045df-7e10-483f-9e49-ad14448b7069,utilities-septic,"Septic System Installation, Tie In To House",6000,4000,Septic Pro,10000,10500,10500,0,45,FALSE,2025-11-01 20:04:43.871825+00,2025-11-01 20:04:43.871825+00
073423aa-569b-4d7e-9dbf-1385cc1d1c26,af1045df-7e10-483f-9e49-ad14448b7069,utilities-septic,"Well, Pump, Trenching, Plumbing To House, Pressure Tank",4000,3000,Well Services,7000,7200,7200,0,46,FALSE,2025-11-01 20:04:43.871825+00,2025-11-01 20:04:43.871825+00
6d38aa00-39a9-44ef-b3c8-4eaa4c4185d4,af1045df-7e10-483f-9e49-ad14448b7069,utilities-septic,Well Permits & Fees,200,0,County Water Dept,200,200,200,0,47,FALSE,2025-11-01 20:04:43.871825+00,2025-11-01 20:04:43.871825+00
839906e3-3ea4-4e24-8db7-072b9e9f6077,af1045df-7e10-483f-9e49-ad14448b7069,utilities-septic,Town Water: Tap Fees & Hookup,0,0,,0,0,0,0,48,FALSE,2025-11-01 20:04:43.871825+00,2025-11-01 20:04:43.871825+00
6e6a9715-06ef-48d5-8f50-5fe50ce91060,af1045df-7e10-483f-9e49-ad14448b7069,utilities-septic,Town Sewer: Tap Fees & Hookup,0,0,,0,0,0,0,49,FALSE,2025-11-01 20:04:43.871825+00,2025-11-01 20:04:43.871825+00
22e6419d-2e5f-4dc3-9875-3152858d5118,af1045df-7e10-483f-9e49-ad14448b7069,utilities-septic,"Electrical: Permit, Connection Fee, Installation",800,1200,Power Company,2000,2100,2100,0,50,FALSE,2025-11-01 20:04:43.871825+00,2025-11-01 20:04:43.871825+00
ed82921d-d516-4144-8b6c-2ea55301c0ba,af1045df-7e10-483f-9e49-ad14448b7069,utilities-septic,"Gas: Permit, Connection Fee, Hookup",0,0,,0,0,0,0,51,FALSE,2025-11-01 20:04:43.871825+00,2025-11-01 20:04:43.871825+00
dd9dc398-2aff-4e17-bfb3-9b076d7d67e2,af1045df-7e10-483f-9e49-ad14448b7069,utilities-septic,"LPN: Tank Installation, Hookup",0,0,,0,0,0,0,52,FALSE,2025-11-01 20:04:43.871825+00,2025-11-01 20:04:43.871825+00
a64f4426-632b-40a8-a2a5-deb41fe7ff4d,af1045df-7e10-483f-9e49-ad14448b7069,utilities-septic,Oil Tank Installation,0,0,,0,0,0,0,53,FALSE,2025-11-01 20:04:43.871825+00,2025-11-01 20:04:43.871825+00
e16b0c90-52dd-40ef-a900-60fb18e89928,af1045df-7e10-483f-9e49-ad14448b7069,utilities-septic,Telecom Hookup,150,100,Cable/Internet Co,250,275,275,0,54,FALSE,2025-11-01 20:04:43.871825+00,2025-11-01 20:04:43.871825+00
1e8abbe5-6175-4c0e-8c3f-6dace0e29a6b,af1045df-7e10-483f-9e49-ad14448b7069,foundation,All Inclusive,0,0,,25000,0,0,0,0,FALSE,2025-11-01 20:05:12.514567+00,2025-11-01 20:05:12.514567+00
c7180d4a-4653-4e81-9a38-3bd2189fe2e0,af1045df-7e10-483f-9e49-ad14448b7069,foundation,"LPN: Tank Installation, Hookup",0,0,,0,0,0,0,52,FALSE,2025-11-01 20:05:12.514567+00,2025-11-01 20:05:12.514567+00
3e9ad4cf-74f2-497c-a49b-cc0a96f514b7,af1045df-7e10-483f-9e49-ad14448b7069,foundation,Oil Tank Installation,0,0,,0,0,0,0,53,FALSE,2025-11-01 20:05:12.514567+00,2025-11-01 20:05:12.514567+00
1d36876a-cd93-4207-ae50-5e15705a7cea,af1045df-7e10-483f-9e49-ad14448b7069,foundation,Telecom Hookup,0,0,,0,0,0,0,54,FALSE,2025-11-01 20:05:12.514567+00,2025-11-01 20:05:12.514567+00
174c0251-d607-4aa0-bdef-7f4b2f902c87,af1045df-7e10-483f-9e49-ad14448b7069,foundation,Foundation walls/stem walls/grade beams,8000,7000,Foundation Masters,15000,15800,7900,0,56,FALSE,2025-11-01 20:05:12.514567+00,2025-11-01 20:05:12.514567+00
7a05903c-7830-4895-a8c1-f3fbbb90e029,af1045df-7e10-483f-9e49-ad14448b7069,foundation,Steel Reinforcing,1500,0,Steel Supply,1500,1600,1600,0,57,FALSE,2025-11-01 20:05:12.514567+00,2025-11-01 20:05:12.514567+00
8dcbc46f-09a0-4342-8a50-6d6123fbd45a,af1045df-7e10-483f-9e49-ad14448b7069,foundation,"Anchor Bolts, Hold Downs",300,200,Hardware Supply,500,520,520,0,58,FALSE,2025-11-01 20:05:12.514567+00,2025-11-01 20:05:12.514567+00
c50beced-4a86-4170-990b-e3f0f4b10b48,af1045df-7e10-483f-9e49-ad14448b7069,foundation,Sump Pump,400,300,Plumbing Supply,700,730,730,0,63,FALSE,2025-11-01 20:05:12.514567+00,2025-11-01 20:05:12.514567+00
840a8940-0f71-47ab-a9d3-54e56810a844,af1045df-7e10-483f-9e49-ad14448b7069,foundation,Sub-Slab Vapor Barrier,400,300,Foundation Masters,700,680,680,0,60,FALSE,2025-11-01 20:05:12.514567+00,2025-11-01 20:05:12.514567+00
af0fca9e-e473-4f93-9e98-651a548867c4,af1045df-7e10-483f-9e49-ad14448b7069,foundation,Crawlspace Vapor Barrier,300,200,Foundation Masters,500,480,240,0,61,FALSE,2025-11-01 20:05:12.514567+00,2025-11-01 20:05:12.514567+00
b6c3085c-22a0-4e28-9b27-c818dbe2f4fb,af1045df-7e10-483f-9e49-ad14448b7069,foundation,Crawlspace Vents,200,150,HVAC Supply,350,360,180,0,62,FALSE,2025-11-01 20:05:12.514567+00,2025-11-01 20:05:12.514567+00
650f7c49-91af-4c3b-aca8-0e0aec08e58d,af1045df-7e10-483f-9e49-ad14448b7069,foundation,Slab insulation: Edge/Below,800,400,Insulation Co,1200,1250,625,0,66,FALSE,2025-11-01 20:05:12.514567+00,2025-11-01 20:05:12.514567+00
de58c9b6-8cc7-4579-83c4-8c71e82bdadd,af1045df-7e10-483f-9e49-ad14448b7069,foundation,Footings/Pads,2000,2500,Foundation Masters,4500,4700,4700,0,55,FALSE,2025-11-01 20:05:12.514567+00,2025-11-01 20:05:12.514567+00
6964192d-7b06-453e-99c8-7d423474b49f,af1045df-7e10-483f-9e49-ad14448b7069,foundation,Rough Grading,0,500,Grading Services,500,480,480,0,26,FALSE,2025-11-01 20:05:12.514567+00,2025-11-01 20:05:12.514567+00
f382ebbf-c212-4278-a90f-84a129116f53,af1045df-7e10-483f-9e49-ad14448b7069,foundation,"Dampproofing, Waterproofing",600,800,Waterproofing Pro,1400,1450,725,0,65,FALSE,2025-11-01 20:05:12.514567+00,2025-11-01 20:05:12.514567+00
1ea8f3ea-d9fd-42e1-b42c-392ae0e53c9c,af1045df-7e10-483f-9e49-ad14448b7069,foundation,Foundation Windows,800,400,Window Supply,1200,1180,590,0,64,FALSE,2025-11-01 20:05:12.514567+00,2025-11-01 20:05:12.514567+00
c94d2289-6d5c-46a6-943f-cd515197feb9,af1045df-7e10-483f-9e49-ad14448b7069,foundation,Foundation Drain Board,400,300,Foundation Masters,700,720,360,0,67,FALSE,2025-11-01 20:05:12.514567+00,2025-11-01 20:05:12.514567+00
a83e1f8d-e6fa-4677-9929-47f59ba2e0ef,af1045df-7e10-483f-9e49-ad14448b7069,foundation,Exterior Foundation Insulation,900,600,Insulation Co,1500,1550,775,0,68,FALSE,2025-11-01 20:05:12.514567+00,2025-11-01 20:05:12.514567+00
4d69f9e1-b009-46b0-b238-0e96ce70814e,af1045df-7e10-483f-9e49-ad14448b7069,foundation,Erosion control,200,300,Site Services,500,520,520,0,138,FALSE,2025-11-01 20:05:12.514567+00,2025-11-01 20:05:12.514567+00
3f154ce1-5021-4295-acbd-812474e789f8,af1045df-7e10-483f-9e49-ad14448b7069,rough-framing,All Inclusive,0,0,,45000,0,0,0,0,FALSE,2025-11-01 20:05:42.425856+00,2025-11-01 20:05:42.425856+00
c5c18448-0756-448b-ab22-db011648d3ed,af1045df-7e10-483f-9e49-ad14448b7069,rough-framing,SIP panels and materials,25000,0,SIP Supply Co,25000,26500,13250,0,154,FALSE,2025-11-01 20:05:42.425856+00,2025-11-01 20:05:42.425856+00
523c9d48-1790-420a-856c-9fe1b5ddc61b,af1045df-7e10-483f-9e49-ad14448b7069,rough-framing,SIP panel installation labor,0,12000,SIP Specialists,12000,13000,6500,0,155,FALSE,2025-11-01 20:05:42.425856+00,2025-11-01 20:05:42.425856+00
d2ed2c4b-6d6b-4cf3-a64f-3e8902cca6bc,af1045df-7e10-483f-9e49-ad14448b7069,rough-framing,Exterior Insulation Coating/Protection,400,300,Insulation Co,700,720,360,0,69,FALSE,2025-11-01 20:05:42.425856+00,2025-11-01 20:05:42.425856+00
f1209410-d7bc-4988-8ecb-b6f26564e25e,af1045df-7e10-483f-9e49-ad14448b7069,rough-framing,Sill & Seal,200,300,SIP Specialists,500,520,260,0,70,FALSE,2025-11-01 20:05:42.425856+00,2025-11-01 20:05:42.425856+00
e7a43021-449b-41bf-b4af-62d96fde9883,af1045df-7e10-483f-9e49-ad14448b7069,rough-framing,"Steel/Wood Carrying Beam, Lolly columns",1500,1000,Structural Steel,2500,2400,1200,0,71,FALSE,2025-11-01 20:05:42.425856+00,2025-11-01 20:05:42.425856+00
9bebbf70-6fe6-4bd4-bc93-a2501ed07b9f,af1045df-7e10-483f-9e49-ad14448b7069,rough-framing,Sheathing and/or Subflooring,2000,1500,SIP Specialists,3500,3600,1800,0,74,FALSE,2025-11-01 20:05:42.425856+00,2025-11-01 20:05:42.425856+00
1dc7154b-4c24-4425-b4a3-0b841c714eb2,af1045df-7e10-483f-9e49-ad14448b7069,rough-framing,Subfascia,300,400,Framing Crew,700,680,340,0,76,FALSE,2025-11-01 20:05:42.425856+00,2025-11-01 20:05:42.425856+00
58e715da-ad3d-4f4d-a232-6fcddc1980e2,af1045df-7e10-483f-9e49-ad14448b7069,rough-framing,Steel Framing Connectors,400,200,Hardware Supply,600,630,315,0,77,FALSE,2025-11-01 20:05:42.425856+00,2025-11-01 20:05:42.425856+00
2f73297d-c30f-4829-acdc-2b0b175f0077,af1045df-7e10-483f-9e49-ad14448b7069,concrete-slabs,All Inclusive,0,0,,12000,0,0,0,0,FALSE,2025-11-01 20:05:50.0478+00,2025-11-01 20:05:50.0478+00
c4b09e0d-e719-4325-bed1-2e99d205fe0a,af1045df-7e10-483f-9e49-ad14448b7069,concrete-slabs,Garage Slab,2000,1500,Concrete Co,3500,3450,0,0,160,FALSE,2025-11-01 20:05:50.0478+00,2025-11-01 20:05:50.0478+00
9bb62435-4316-4e95-82af-3bd436437c16,af1045df-7e10-483f-9e49-ad14448b7069,concrete-slabs,Porch Slab,800,600,Concrete Co,1400,1350,0,0,159,FALSE,2025-11-01 20:05:50.0478+00,2025-11-01 20:05:50.0478+00
c05a300a-a476-43e5-8b5d-ec85d3183a3f,af1045df-7e10-483f-9e49-ad14448b7069,concrete-slabs,Sidewalks,600,500,Concrete Co,1100,1120,0,0,161,FALSE,2025-11-01 20:05:50.0478+00,2025-11-01 20:05:50.0478+00
f8a3246c-a1da-4e68-9603-8ac9d157d5d6,af1045df-7e10-483f-9e49-ad14448b7069,concrete-slabs,Concrete pump,0,500,Concrete Pumping,500,550,0,0,141,FALSE,2025-11-01 20:05:50.0478+00,2025-11-01 20:05:50.0478+00
52248ad6-3abc-4430-8353-b5342575a278,af1045df-7e10-483f-9e49-ad14448b7069,concrete-slabs,Footings/Pads,1000,800,Concrete Co,1800,1750,0,0,55,FALSE,2025-11-01 20:05:50.0478+00,2025-11-01 20:05:50.0478+00
252b12fb-342e-43d7-b8b4-031f2ea82686,af1045df-7e10-483f-9e49-ad14448b7069,concrete-slabs,Driveway,3000,2000,Concrete Co,5000,5200,0,0,124,FALSE,2025-11-01 20:05:50.0478+00,2025-11-01 20:05:50.0478+00
a8da5ad4-8096-4ea7-8234-e2bc48902c22,af1045df-7e10-483f-9e49-ad14448b7069,concrete-slabs,Other Flatwork,500,400,Concrete Co,900,880,0,0,125,FALSE,2025-11-01 20:05:50.0478+00,2025-11-01 20:05:50.0478+00
2f1221d9-4186-46f0-94d3-0f25aac155a8,af1045df-7e10-483f-9e49-ad14448b7069,concrete-slabs,Deck Footings,400,300,Concrete Co,700,720,0,0,121,FALSE,2025-11-01 20:05:50.0478+00,2025-11-01 20:05:50.0478+00
06255470-a116-4dbf-b207-06858647bc32,af1045df-7e10-483f-9e49-ad14448b7069,concrete-slabs,Patio,1500,1200,Concrete Co,2700,2650,0,0,162,FALSE,2025-11-01 20:05:50.0478+00,2025-11-01 20:05:50.0478+00
432cc648-6644-4c5e-b139-f82c7540b6d3,af1045df-7e10-483f-9e49-ad14448b7069,roofing,All Inclusive,0,0,,12000,0,0,0,0,FALSE,2025-11-01 20:06:03.733789+00,2025-11-01 20:06:03.733789+00
e68b7312-6906-4e69-85b3-3e54289ce232,af1045df-7e10-483f-9e49-ad14448b7069,roofing,"Nails, Screws, Fasteners",200,0,Hardware Supply,200,210,0,0,79,FALSE,2025-11-01 20:06:03.733789+00,2025-11-01 20:06:03.733789+00
fbbf13d3-5989-48c5-b9c4-62d1b79e7d37,af1045df-7e10-483f-9e49-ad14448b7069,roofing,"Prep for Plaster, Drywall",0,0,,0,0,0,0,80,FALSE,2025-11-01 20:06:03.733789+00,2025-11-01 20:06:03.733789+00
59010660-9937-411d-8624-4278a2e911e5,af1045df-7e10-483f-9e49-ad14448b7069,roofing,Membrane,800,600,Roofing Supply,1400,1380,0,0,82,FALSE,2025-11-01 20:06:03.733789+00,2025-11-01 20:06:03.733789+00
38a08ba0-debd-41ef-aca8-2aba6fc6b2c4,af1045df-7e10-483f-9e49-ad14448b7069,roofing,Underlayment,600,400,Roofing Supply,1000,1050,0,0,81,FALSE,2025-11-01 20:06:03.733789+00,2025-11-01 20:06:03.733789+00
bb38f90a-60e5-45cc-87e0-ab658d59d123,af1045df-7e10-483f-9e49-ad14448b7069,roofing,"Flashing: Chimney, Vent Pipes, Sidewalls, Other Penetrations",400,500,Roofers Pro,900,920,0,0,83,FALSE,2025-11-01 20:06:03.733789+00,2025-11-01 20:06:03.733789+00
e7416f38-7d1e-4ee2-9143-a1541267e56a,af1045df-7e10-483f-9e49-ad14448b7069,roofing,Roofing Installation,4000,5000,Roofers Pro,9000,9200,0,0,86,FALSE,2025-11-01 20:06:03.733789+00,2025-11-01 20:06:03.733789+00
00adcf7c-f151-4b67-a117-8ede865e503e,af1045df-7e10-483f-9e49-ad14448b7069,roofing,Drip Edge,200,150,Roofing Supply,350,340,0,0,84,FALSE,2025-11-01 20:06:03.733789+00,2025-11-01 20:06:03.733789+00
76e7a57a-3119-4a7d-835d-087c7e497e9d,af1045df-7e10-483f-9e49-ad14448b7069,roofing,Gutters & Downspouts,800,600,Gutter Specialists,1400,1450,0,0,85,FALSE,2025-11-01 20:06:03.733789+00,2025-11-01 20:06:03.733789+00
f8b183f1-2604-4d31-912e-0f9720651e74,af1045df-7e10-483f-9e49-ad14448b7069,exterior,All Inclusive,0,0,,20000,0,0,0,0,FALSE,2025-11-01 20:06:14.630167+00,2025-11-01 20:06:14.630167+00
52dc405d-8717-4b88-8b13-e8794cbe2a03,af1045df-7e10-483f-9e49-ad14448b7069,exterior,"Housewrap, Tyvek",400,300,Building Supply,700,720,0,0,111,FALSE,2025-11-01 20:06:14.630167+00,2025-11-01 20:06:14.630167+00
40057219-d0af-4110-a77f-f6f5d5e5a838,af1045df-7e10-483f-9e49-ad14448b7069,exterior,Siding Material,5000,0,Siding Supply,5000,5100,0,0,112,FALSE,2025-11-01 20:06:14.630167+00,2025-11-01 20:06:14.630167+00
6ea89f6c-f94e-4646-9b0e-e9ef3e93851e,af1045df-7e10-483f-9e49-ad14448b7069,exterior,Siding Installation,0,6000,Siding Contractors,6000,6200,0,0,113,FALSE,2025-11-01 20:06:14.630167+00,2025-11-01 20:06:14.630167+00
5600a8ae-ffc2-455c-9f78-b8f8728810c0,af1045df-7e10-483f-9e49-ad14448b7069,exterior,Brick/Stone Veneer,0,0,,0,0,0,0,114,FALSE,2025-11-01 20:06:14.630167+00,2025-11-01 20:06:14.630167+00
f8451934-98a1-43fe-9484-5eff8b4df13f,af1045df-7e10-483f-9e49-ad14448b7069,exterior,Exterior Trim,1200,1800,Trim Carpenters,3000,2950,0,0,115,FALSE,2025-11-01 20:06:14.630167+00,2025-11-01 20:06:14.630167+00
6716e1be-f70d-49be-87f3-6c2c2d2649a1,af1045df-7e10-483f-9e49-ad14448b7069,exterior,Soffit and Fascia,800,1000,Siding Contractors,1800,1850,0,0,116,FALSE,2025-11-01 20:06:14.630167+00,2025-11-01 20:06:14.630167+00
b38a94af-ab49-4395-8aab-e0a852c32c29,af1045df-7e10-483f-9e49-ad14448b7069,exterior,Entry Doors,1500,500,Door Supply,2000,2100,0,0,117,FALSE,2025-11-01 20:06:14.630167+00,2025-11-01 20:06:14.630167+00
e91b2464-ba15-4808-8c5e-98e196d4c749,af1045df-7e10-483f-9e49-ad14448b7069,exterior,Windows,6000,2000,Window Supply,8000,8200,0,0,118,FALSE,2025-11-01 20:06:14.630167+00,2025-11-01 20:06:14.630167+00
091f4467-b8e8-458e-bd32-acc42c758277,af1045df-7e10-483f-9e49-ad14448b7069,exterior,"Doors, Interior",0,0,,0,0,0,0,119,FALSE,2025-11-01 20:06:14.630167+00,2025-11-01 20:06:14.630167+00
e478726a-ded0-4de2-a238-5199defbe19b,af1045df-7e10-483f-9e49-ad14448b7069,exterior,Chimney,0,0,,0,0,0,0,126,FALSE,2025-11-01 20:06:14.630167+00,2025-11-01 20:06:14.630167+00
5ad2d2b4-b6e5-45d2-a1d0-ebf5fc312c95,af1045df-7e10-483f-9e49-ad14448b7069,exterior,Garage Door,1200,500,Garage Door Co,1700,1750,0,0,122,FALSE,2025-11-01 20:06:14.630167+00,2025-11-01 20:06:14.630167+00
081e1b4a-2014-47bb-b854-71d348e1ba38,af1045df-7e10-483f-9e49-ad14448b7069,exterior,Garage Door Opener,400,200,Garage Door Co,600,580,0,0,123,FALSE,2025-11-01 20:06:14.630167+00,2025-11-01 20:06:14.630167+00
a50e0349-d92d-488a-afee-ddb5948cbc8f,af1045df-7e10-483f-9e49-ad14448b7069,exterior,Screened Porch,0,0,,0,0,0,0,142,FALSE,2025-11-01 20:06:14.630167+00,2025-11-01 20:06:14.630167+00
256ca03f-c60e-4ef0-923b-9ed80c96175e,af1045df-7e10-483f-9e49-ad14448b7069,exterior,Closet Shelving,0,0,,0,0,0,0,120,FALSE,2025-11-01 20:06:14.630167+00,2025-11-01 20:06:14.630167+00
efabb618-5574-4ba1-818c-2c77f3c4e950,af1045df-7e10-483f-9e49-ad14448b7069,plumbing-rough,All Inclusive,0,0,,8000,0,0,0,0,FALSE,2025-11-01 20:06:23.928648+00,2025-11-01 20:06:23.928648+00
38f31d19-77ea-4116-a67c-8bc0ffc448a5,af1045df-7e10-483f-9e49-ad14448b7069,plumbing-rough,Skylights,0,0,,0,0,0,0,88,FALSE,2025-11-01 20:06:23.928648+00,2025-11-01 20:06:23.928648+00
c8c9f6eb-db18-4f3a-a01b-b8ce11aed699,af1045df-7e10-483f-9e49-ad14448b7069,plumbing-rough,Drain/Waste/Vent,1200,2000,Plumbers Inc,3200,3300,0,0,89,FALSE,2025-11-01 20:06:23.928648+00,2025-11-01 20:06:23.928648+00
e53bcecc-dd12-4ca0-aedb-2d6379751b7c,af1045df-7e10-483f-9e49-ad14448b7069,plumbing-rough,Water Supply Piping,800,1500,Plumbers Inc,2300,2250,0,0,90,FALSE,2025-11-01 20:06:23.928648+00,2025-11-01 20:06:23.928648+00
8c7f60d1-07ec-48a6-b629-fd048989a13a,af1045df-7e10-483f-9e49-ad14448b7069,plumbing-rough,Gas Piping,400,600,Plumbers Inc,1000,1050,0,0,91,FALSE,2025-11-01 20:06:23.928648+00,2025-11-01 20:06:23.928648+00
c46ea4d5-4fb8-4944-bdd4-3cd12fd8955e,af1045df-7e10-483f-9e49-ad14448b7069,electrical-rough,All Inclusive,0,0,,8000,0,0,0,0,FALSE,2025-11-01 20:06:39.113215+00,2025-11-01 20:06:39.113215+00
025e1e5b-abf0-404f-9182-27626504d8a5,af1045df-7e10-483f-9e49-ad14448b7069,electrical-rough,"Service Panel, Sub-Panels",1200,800,Electric Supply,2000,2050,0,0,95,FALSE,2025-11-01 20:06:39.113215+00,2025-11-01 20:06:39.113215+00
46899f90-14a3-4d8f-bb5e-7063a71eff3e,af1045df-7e10-483f-9e49-ad14448b7069,electrical-rough,Rough Wiring,1500,3000,Electricians Inc,4500,4600,0,0,96,FALSE,2025-11-01 20:06:39.113215+00,2025-11-01 20:06:39.113215+00
41277a2d-6eae-4e4b-a13c-0acf7b0cb0ee,af1045df-7e10-483f-9e49-ad14448b7069,electrical-rough,"Phone, Cable, Internet Wiring",300,500,Low Voltage Tech,800,780,0,0,97,FALSE,2025-11-01 20:06:39.113215+00,2025-11-01 20:06:39.113215+00
cbfe85c6-b7b1-4355-abfb-7e74386f06e9,af1045df-7e10-483f-9e49-ad14448b7069,electrical-rough,Security Wiring,200,400,Security Systems,600,620,0,0,144,FALSE,2025-11-01 20:06:39.113215+00,2025-11-01 20:06:39.113215+00
b3099d3c-5bae-403c-87fa-07a60858948b,af1045df-7e10-483f-9e49-ad14448b7069,electrical-rough,"Switches, Receptacles",0,0,,0,0,0,0,99,FALSE,2025-11-01 20:06:39.113215+00,2025-11-01 20:06:39.113215+00
77ce7a3e-2203-463a-9941-7098c3786c61,af1045df-7e10-483f-9e49-ad14448b7069,electrical-rough,Smoke and CO Detectors,0,0,,0,0,0,0,98,FALSE,2025-11-01 20:06:39.113215+00,2025-11-01 20:06:39.113215+00
ee3b5bf3-1dcd-425d-b334-bd2805603f95,af1045df-7e10-483f-9e49-ad14448b7069,electrical-rough,Lighting Fixtures,0,0,,0,0,0,0,100,FALSE,2025-11-01 20:06:39.113215+00,2025-11-01 20:06:39.113215+00
770ab487-7852-4a70-9d17-02d2fcdde569,af1045df-7e10-483f-9e49-ad14448b7069,electrical-rough,Generator Hook-up,0,0,,0,0,0,0,145,FALSE,2025-11-01 20:06:39.113215+00,2025-11-01 20:06:39.113215+00
7814917f-338b-4615-9120-4ae09342bc64,af1045df-7e10-483f-9e49-ad14448b7069,hvac-rough,All Inclusive,0,0,,10000,0,0,0,0,FALSE,2025-11-01 20:06:55.722407+00,2025-11-01 20:06:55.722407+00
520c2053-6fac-4aed-bf93-cac1e2ce0c91,af1045df-7e10-483f-9e49-ad14448b7069,hvac-rough,Furnace,2500,1000,HVAC Supply,3500,3600,0,0,101,FALSE,2025-11-01 20:06:55.722407+00,2025-11-01 20:06:55.722407+00
9c2525bc-2d33-44e7-b556-778a357e30c4,af1045df-7e10-483f-9e49-ad14448b7069,hvac-rough,Air Conditioning,3000,1500,HVAC Supply,4500,4450,0,0,102,FALSE,2025-11-01 20:06:55.722407+00,2025-11-01 20:06:55.722407+00
e183046a-2ad0-4009-b572-869c33100484,af1045df-7e10-483f-9e49-ad14448b7069,hvac-rough,Ductwork,1200,2000,HVAC Contractors,3200,3300,0,0,103,FALSE,2025-11-01 20:06:55.722407+00,2025-11-01 20:06:55.722407+00
49584d6d-3eed-4883-8b47-aef48d1d9f10,af1045df-7e10-483f-9e49-ad14448b7069,hvac-rough,Venting,300,400,HVAC Contractors,700,680,0,0,104,FALSE,2025-11-01 20:06:55.722407+00,2025-11-01 20:06:55.722407+00
659fa22b-dcf3-4b32-a331-8baafedbd5ba,af1045df-7e10-483f-9e49-ad14448b7069,hvac-rough,Fireplace,0,0,,0,0,0,0,143,FALSE,2025-11-01 20:06:55.722407+00,2025-11-01 20:06:55.722407+00
5a3acc44-f1fe-456e-88c6-b3ce4f571bbf,af1045df-7e10-483f-9e49-ad14448b7069,insulation,All Inclusive,0,0,,3000,0,0,0,0,FALSE,2025-11-01 20:07:03.175418+00,2025-11-01 20:07:03.175418+00
cbc73f90-1e68-47bf-9b53-70a54d9513df,af1045df-7e10-483f-9e49-ad14448b7069,insulation,Wall and Ceiling Insulation,1000,1000,Insulation Co,2000,1950,0,0,131,FALSE,2025-11-01 20:07:03.175418+00,2025-11-01 20:07:03.175418+00
661ebe95-c154-4fab-9cb2-91801a57ae99,af1045df-7e10-483f-9e49-ad14448b7069,insulation,Air Sealing,200,300,Insulation Co,500,520,0,0,132,FALSE,2025-11-01 20:07:03.175418+00,2025-11-01 20:07:03.175418+00
4b5946ff-f3d0-47fa-9261-7059aad37f10,af1045df-7e10-483f-9e49-ad14448b7069,drywall,All Inclusive,0,0,,8000,0,0,0,0,FALSE,2025-11-01 20:07:13.544183+00,2025-11-01 20:07:13.544183+00
c82fd1b3-007f-4432-b03e-542cb4a30685,af1045df-7e10-483f-9e49-ad14448b7069,drywall,"Prep for Plaster, Drywall",200,0,Drywall Supply,200,210,0,0,78,FALSE,2025-11-01 20:07:13.544183+00,2025-11-01 20:07:13.544183+00
7ec87107-5bb6-44ee-9ef9-ef7b801f8c9e,af1045df-7e10-483f-9e49-ad14448b7069,drywall,"Drywall Installation, Taping, Finishing",2500,4500,Drywall Pros,7000,7100,0,0,133,FALSE,2025-11-01 20:07:13.544183+00,2025-11-01 20:07:13.544183+00
08c6f4f4-360c-46b1-9881-a9ff1661fdba,af1045df-7e10-483f-9e49-ad14448b7069,drywall,Texture,200,400,Drywall Pros,600,580,0,0,134,FALSE,2025-11-01 20:07:13.544183+00,2025-11-01 20:07:13.544183+00
fc3ece7c-3e28-45ce-91b0-d8d3b2c42b7a,af1045df-7e10-483f-9e49-ad14448b7069,trim-carpentry,All Inclusive,0,0,,6000,0,0,0,0,FALSE,2025-11-01 20:07:22.934184+00,2025-11-01 20:07:22.934184+00
80c06cf2-7774-41b0-ae83-abc692314e58,af1045df-7e10-483f-9e49-ad14448b7069,trim-carpentry,"Interior Trim, Baseboards",1500,2000,Trim Supply,3500,3450,0,0,127,FALSE,2025-11-01 20:07:22.934184+00,2025-11-01 20:07:22.934184+00
aa9a1fd4-e9a5-4526-99fb-23faff8ef261,af1045df-7e10-483f-9e49-ad14448b7069,trim-carpentry,"Interior Doors, Closets",2000,1500,Door Supply,3500,3600,0,0,128,FALSE,2025-11-01 20:07:22.934184+00,2025-11-01 20:07:22.934184+00
c7aca892-db9a-4ade-bc58-8fa9fe6492b6,af1045df-7e10-483f-9e49-ad14448b7069,trim-carpentry,"Stairs, Railings",0,0,,0,0,0,0,129,FALSE,2025-11-01 20:07:22.934184+00,2025-11-01 20:07:22.934184+00
e65b8a5c-4f43-4239-88b1-5aad0a66ba6a,af1045df-7e10-483f-9e49-ad14448b7069,trim-carpentry,Built-ins,0,0,,0,0,0,0,135,FALSE,2025-11-01 20:07:22.934184+00,2025-11-01 20:07:22.934184+00
832b8424-b5a6-4593-be30-c572af507812,af1045df-7e10-483f-9e49-ad14448b7069,paint,All Inclusive,0,0,,5000,0,0,0,0,FALSE,2025-11-01 20:07:30.363065+00,2025-11-01 20:07:30.363065+00
1bd37f8f-75f8-4753-87f3-2b69be589ca4,af1045df-7e10-483f-9e49-ad14448b7069,paint,Interior Paint,1500,3000,Painters Inc,4500,4650,0,0,136,FALSE,2025-11-01 20:07:30.363065+00,2025-11-01 20:07:30.363065+00
649169de-bb98-4d3c-8441-7fbcebd58833,af1045df-7e10-483f-9e49-ad14448b7069,flooring,All Inclusive,0,0,,12000,0,0,0,0,FALSE,2025-11-01 20:07:37.930251+00,2025-11-01 20:07:37.930251+00
e9e72251-d7af-49eb-8612-b4274558ed87,af1045df-7e10-483f-9e49-ad14448b7069,flooring,Finish Flooring,6000,4000,Flooring Specialists,10000,10200,0,0,130,FALSE,2025-11-01 20:07:37.930251+00,2025-11-01 20:07:37.930251+00
0fd461e2-f937-4168-a65a-a2525f473065,af1045df-7e10-483f-9e49-ad14448b7069,kitchen-bath,All Inclusive,0,0,,25000,0,0,0,0,FALSE,2025-11-01 20:07:50.590096+00,2025-11-01 20:07:50.590096+00
ab847cff-b492-4071-9ad2-026bf3c52aba,af1045df-7e10-483f-9e49-ad14448b7069,kitchen-bath,Water Treatment,0,0,,0,0,0,0,92,FALSE,2025-11-01 20:07:50.590096+00,2025-11-01 20:07:50.590096+00
7308600c-d798-41eb-bf2d-ba20dba4f508,af1045df-7e10-483f-9e49-ad14448b7069,kitchen-bath,Water Heater,800,500,Plumbing Supply,1300,1350,0,0,93,FALSE,2025-11-01 20:07:50.590096+00,2025-11-01 20:07:50.590096+00
70a1afec-2803-4a2e-8164-e9317b8b9278,af1045df-7e10-483f-9e49-ad14448b7069,kitchen-bath,"Fixtures: Toilets, Tubs, Sinks, Showers",3000,1500,Plumbing Supply,4500,4600,0,0,94,FALSE,2025-11-01 20:07:50.590096+00,2025-11-01 20:07:50.590096+00
80477ba8-6f19-4fe4-8420-36253a0e3b0b,af1045df-7e10-483f-9e49-ad14448b7069,kitchen-bath,Kitchen Cabinets,8000,2000,Cabinet Makers,10000,10200,0,0,105,FALSE,2025-11-01 20:07:50.590096+00,2025-11-01 20:07:50.590096+00
a39aa44c-88cc-411d-8558-58bb8b121557,af1045df-7e10-483f-9e49-ad14448b7069,kitchen-bath,Countertops,3500,1000,Stone Fabricators,4500,4650,0,0,106,FALSE,2025-11-01 20:07:50.590096+00,2025-11-01 20:07:50.590096+00
c7ae06f0-d9df-416b-a168-77c9c7d5eca5,af1045df-7e10-483f-9e49-ad14448b7069,kitchen-bath,Bathroom Cabinets & Vanities,2000,800,Cabinet Supply,2800,2750,0,0,107,FALSE,2025-11-01 20:07:50.590096+00,2025-11-01 20:07:50.590096+00
c70ff0b0-221a-47ce-b51a-60770ff2c31b,af1045df-7e10-483f-9e49-ad14448b7069,kitchen-bath,Appliances,4000,0,Appliance Store,4000,4200,0,0,108,FALSE,2025-11-01 20:07:50.590096+00,2025-11-01 20:07:50.590096+00
fc6211d4-d043-4c48-83ad-1774972d38a9,af1045df-7e10-483f-9e49-ad14448b7069,kitchen-bath,Tile & Backsplash,1500,2000,Tile Setters,3500,3450,0,0,109,FALSE,2025-11-01 20:07:50.590096+00,2025-11-01 20:07:50.590096+00
a1870655-81e7-4703-84f7-3745fc996a50,af1045df-7e10-483f-9e49-ad14448b7069,kitchen-bath,"Mirrors, Shower Doors",800,400,Glass Shop,1200,1180,0,0,110,FALSE,2025-11-01 20:07:50.590096+00,2025-11-01 20:07:50.590096+00
d11947d6-359e-4ec3-a5d5-07dc6838c1e7,af1045df-7e10-483f-9e49-ad14448b7069,porches-decks,All Inclusive,0,0,,5000,0,0,0,0,FALSE,2025-11-01 20:07:58.171419+00,2025-11-01 20:07:58.171419+00
976936aa-2916-4bbb-97bd-ce78d139a398,af1045df-7e10-483f-9e49-ad14448b7069,porches-decks,"Doors, Interior",0,0,,0,0,0,0,119,FALSE,2025-11-01 20:07:58.171419+00,2025-11-01 20:07:58.171419+00
a98c3f3f-9bee-4c11-9d04-5da47abf09f7,af1045df-7e10-483f-9e49-ad14448b7069,porches-decks,Deck Footings,0,0,,0,0,0,0,121,FALSE,2025-11-01 20:07:58.171419+00,2025-11-01 20:07:58.171419+00
887188d2-d585-4814-8184-fa8db73cc885,af1045df-7e10-483f-9e49-ad14448b7069,porches-decks,"Stairs, Railings",1500,2000,Deck Builders,3500,3600,0,0,129,FALSE,2025-11-01 20:07:58.171419+00,2025-11-01 20:07:58.171419+00
13b64c79-0397-42a6-af96-dbb26104dab3,af1045df-7e10-483f-9e49-ad14448b7069,final-touches,All Inclusive,0,0,,3000,0,0,0,0,FALSE,2025-11-01 20:08:06.371949+00,2025-11-01 20:08:06.371949+00
b23b353e-164e-4d4d-8d91-c81acbd6f147,af1045df-7e10-483f-9e49-ad14448b7069,final-touches,Final Cleaning,0,500,Cleaning Service,500,520,0,0,137,FALSE,2025-11-01 20:08:06.371949+00,2025-11-01 20:08:06.371949+00
9a5ff71b-4cf9-4a9a-a1c6-2a3307ce9990,af1045df-7e10-483f-9e49-ad14448b7069,final-touches,"Hardware, Bath Accessories",400,200,Hardware Supply,600,580,0,0,146,FALSE,2025-11-01 20:08:06.371949+00,2025-11-01 20:08:06.371949+00
bb79b80b-f5c1-4a30-a235-eab495588ce6,af1045df-7e10-483f-9e49-ad14448b7069,final-touches,Window Treatments,800,300,Window Coverings,1100,1120,0,0,147,FALSE,2025-11-01 20:08:06.371949+00,2025-11-01 20:08:06.371949+00
7ba310d6-5fdf-48fd-880a-1f13a7f16e18,8a1449f9-6f73-40ea-9df0-47d7529f83a1,utilities-septic,Soil & Perc Tests,300,200,Soil Testing Co,500,500,500,0,13,FALSE,2025-10-30 00:46:52.103685+00,2025-10-30 00:46:52.103685+00
d567cf88-1597-4753-9770-9c50e72e2cb9,8a1449f9-6f73-40ea-9df0-47d7529f83a1,site-prep-excavation,All Inclusive,0,0,,15000,16000,10000,0,0,FALSE,2025-10-30 00:45:35.625426+00,2025-10-30 00:45:35.625426+00
1c07c750-45db-4d7f-bae3-011fc66dde3e,8a1449f9-6f73-40ea-9df0-47d7529f83a1,utilities-septic,"Septic Permits, Inspections, Fees",350,0,County Health Dept,350,300,300,0,44,FALSE,2025-10-30 00:46:52.103685+00,2025-10-30 00:46:52.103685+00
61627269-f0db-4e55-8330-a70d11541436,8a1449f9-6f73-40ea-9df0-47d7529f83a1,pre-construction,All Inclusive,0,0,,0,2,0,0,0,FALSE,2025-10-30 00:44:05.906361+00,2025-10-30 00:44:05.906361+00
6d39b337-adf5-4671-ad6f-6a30b34a03a9,8a1449f9-6f73-40ea-9df0-47d7529f83a1,utilities-septic,All Inclusive,0,0,,0,0,0,0,0,FALSE,2025-10-30 00:46:52.103685+00,2025-10-30 00:46:52.103685+00
7e4896ce-dbc8-4a61-af2d-50228004352e,8a1449f9-6f73-40ea-9df0-47d7529f83a1,utilities-septic,"Well, Pump, Trenching, Plumbing To House, Pressure Tank",4000,3000,Well Services,7000,7000,7000,0,46,FALSE,2025-10-30 00:46:52.103685+00,2025-10-30 00:46:52.103685+00
760b74d8-e304-4a03-aaaa-dfb234673075,8a1449f9-6f73-40ea-9df0-47d7529f83a1,utilities-septic,"Electrical: Permit, Connection Fee, Installation",800,1200,Power Company,2000,2000,2000,0,50,FALSE,2025-10-30 00:46:52.103685+00,2025-10-30 00:46:52.103685+00
52a25590-f215-44de-92ce-d12d59ce2234,8a1449f9-6f73-40ea-9df0-47d7529f83a1,foundation,Foundation walls/stem walls/grade beams,8000,7000,Foundation Masters,15000,17000,17000,0,56,FALSE,2025-10-30 00:47:00.954316+00,2025-10-30 00:47:00.954316+00
5a42e5e0-56ce-4810-aaf3-6190e3ed7244,8a1449f9-6f73-40ea-9df0-47d7529f83a1,foundation,All Inclusive,0,0,,0,0,0,0,0,FALSE,2025-10-30 00:47:00.954316+00,2025-10-30 00:47:00.954316+00
